user_id,product_id,discount_offered,converted
103,1120,22,0
436,1055,14,0
861,1027,38,0
271,1118,30,0
107,1221,34,1
72,1231,13,0
701,1053,50,0
21,1295,35,0
615,1233,46,0
122,1158,8,0
467,1269,10,1
215,1021,18,0
331,1053,8,0
459,1275,30,1
88,1281,43,1
373,1214,21,0
100,1031,23,0
872,1183,10,0
664,1023,33,1
131,1032,15,1
662,1074,20,0
309,1010,34,0
770,1054,29,1
344,1052,44,0
492,1148,15,1
414,1160,11,0
806,1014,30,1
386,1178,26,1
192,1053,29,1
956,1022,23,0
277,1030,35,0
161,1191,30,0
460,1260,46,1
314,1205,45,1
22,1059,40,0
253,1264,27,0
748,1012,17,0
857,1119,29,1
561,1290,6,0
475,1248,6,0
59,1127,20,1
511,1075,13,0
682,1204,32,0
476,1049,17,1
700,1079,39,0
976,1241,45,0
783,1154,17,0
190,1274,35,1
958,1096,25,0
687,1214,36,0
958,1294,38,1
563,1209,12,0
876,1088,45,0
567,1264,6,0
244,1157,42,1
832,1156,36,0
505,1139,44,0
131,1121,32,0
485,1065,41,1
819,1107,45,0
647,1147,5,0
21,1137,45,1
841,1162,14,0
167,1100,8,0
274,1141,39,0
388,1083,14,0
601,1177,15,0
316,1198,18,0
14,1112,42,0
242,1056,16,0
777,1179,49,0
346,1186,21,0
565,1218,20,0
898,1217,39,0
340,1120,6,0
92,1175,15,1
367,1023,45,1
956,1213,7,0
455,1235,33,1
428,1013,22,1
509,1101,24,0
776,1024,18,0
943,1011,38,0
35,1273,35,0
206,1281,44,0
81,1094,46,1
932,1201,22,0
562,1021,34,0
872,1211,29,0
388,1140,23,0
2,1293,12,0
390,1298,32,1
566,1101,12,0
106,1028,35,1
772,1041,7,0
822,1146,7,0
477,1256,48,0
703,1227,26,0
402,1236,21,0
730,1013,40,0
556,1210,21,1
162,1229,18,0
202,1100,13,1
958,1031,34,0
996,1016,25,0
270,1137,16,0
863,1166,41,0
816,1100,36,0
271,1109,15,0
456,1173,24,0
462,1237,39,1
727,1162,50,1
252,1216,15,1
702,1264,12,0
296,1263,8,0
725,1292,31,0
720,1274,48,1
749,1003,44,1
338,1028,42,0
879,1149,34,0
53,1028,48,1
792,1065,31,0
922,1021,25,1
217,1252,24,0
764,1235,8,0
188,1227,15,0
380,1013,17,1
493,1049,13,0
41,1118,8,1
157,1054,16,0
15,1138,13,0
813,1053,17,0
65,1044,30,0
857,1053,42,1
839,1074,46,0
521,1046,17,1
344,1013,43,0
129,1165,32,1
648,1102,23,0
472,1280,28,0
63,1258,23,0
139,1138,17,1
499,1163,17,0
593,1111,32,0
392,1102,6,0
675,1017,14,0
419,1268,26,1
289,1182,17,0
379,1024,13,0
773,1029,37,0
490,1171,18,0
231,1228,24,1
41,1188,19,1
28,1230,36,1
135,1119,37,0
201,1156,21,0
840,1272,28,0
780,1175,34,0
930,1104,17,0
33,1092,20,1
48,1186,6,0
503,1283,21,1
407,1181,36,1
574,1170,47,0
728,1187,12,1
805,1175,7,0
99,1222,16,1
684,1233,24,1
872,1162,20,0
726,1134,18,0
987,1224,20,1
547,1153,47,0
961,1033,37,1
739,1055,34,0
613,1007,16,1
943,1244,19,1
462,1126,22,1
643,1012,32,1
769,1016,27,0
5,1208,18,1
218,1043,34,1
503,1135,37,0
767,1228,49,1
398,1111,19,0
871,1160,11,1
795,1264,19,1
393,1225,46,0
207,1217,50,0
15,1045,42,0
858,1214,50,1
554,1059,48,0
892,1132,15,0
461,1104,33,1
691,1195,35,0
575,1157,29,0
864,1098,28,1
743,1226,23,0
241,1205,6,0
564,1079,26,0
96,1124,24,0
900,1218,37,0
734,1004,12,1
485,1090,29,0
407,1104,50,0
231,1119,13,0
749,1133,38,0
655,1096,27,0
171,1143,9,1
541,1288,29,1
36,1028,12,0
525,1278,20,1
160,1233,49,1
839,1017,19,0
699,1059,5,0
243,1090,26,1
86,1199,7,0
796,1026,42,1
578,1025,18,0
682,1267,40,0
557,1181,22,1
574,1068,45,0
953,1049,22,0
646,1175,7,0
796,1052,14,0
28,1102,43,0
620,1216,5,1
556,1188,31,1
340,1057,31,1
798,1047,15,0
958,1159,9,0
331,1174,11,0
640,1242,23,1
506,1282,33,1
348,1241,19,0
473,1005,39,0
231,1084,41,1
190,1248,16,0
225,1054,34,1
385,1161,24,0
377,1226,41,1
283,1015,7,1
958,1224,13,0
633,1061,45,0
628,1122,43,0
973,1277,30,0
745,1046,6,0
259,1294,27,1
359,1062,27,1
710,1086,25,1
456,1210,20,0
411,1078,13,0
649,1202,17,0
318,1223,32,0
677,1222,31,0
225,1003,21,0
819,1006,42,1
234,1093,40,0
684,1008,5,0
664,1235,22,0
975,1108,13,1
827,1161,17,1
374,1209,44,0
672,1240,49,1
608,1050,19,0
472,1011,47,1
233,1156,48,0
692,1070,50,0
113,1169,8,0
830,1272,37,0
497,1068,28,0
442,1252,40,0
564,1048,45,1
268,1184,14,0
510,1187,40,0
807,1090,24,1
386,1139,45,1
387,1089,49,0
113,1274,48,1
613,1019,15,0
625,1154,16,1
952,1260,22,0
81,1108,34,0
699,1285,48,0
113,1059,41,1
2,1125,24,0
642,1273,29,1
220,1107,16,0
566,1299,25,1
855,1245,29,0
997,1247,15,0
736,1008,13,0
225,1141,29,0
385,1008,39,0
403,1094,36,0
638,1039,18,1
130,1081,5,1
53,1187,21,1
684,1084,29,0
730,1088,12,0
672,1242,9,0
710,1093,9,0
416,1086,45,1
247,1044,39,1
836,1137,23,1
439,1074,27,0
203,1036,13,1
184,1101,34,0
123,1156,20,1
401,1255,37,0
767,1171,6,0
294,1216,18,0
280,1170,50,1
837,1252,5,0
884,1055,30,0
610,1091,29,1
198,1278,20,1
982,1101,19,1
907,1155,30,1
511,1141,48,1
752,1173,20,0
144,1010,18,1
609,1228,33,0
201,1265,28,1
124,1248,19,0
187,1247,23,0
326,1155,12,0
464,1034,38,0
349,1129,6,0
771,1160,31,1
660,1089,14,0
764,1093,39,1
955,1241,27,1
932,1117,12,0
403,1094,32,0
346,1163,27,0
963,1099,8,0
511,1113,18,0
147,1091,46,0
148,1206,33,1
864,1017,5,1
711,1274,8,0
820,1173,36,0
489,1116,37,0
929,1181,30,0
936,1091,21,0
640,1082,43,1
551,1114,27,0
338,1257,36,1
872,1058,19,0
641,1154,17,0
779,1116,6,0
988,1266,23,0
953,1203,28,1
473,1041,49,1
946,1105,28,1
151,1193,15,0
415,1278,26,1
990,1237,19,0
298,1221,14,0
611,1068,45,1
263,1197,31,0
764,1256,13,0
144,1139,32,0
346,1149,5,0
624,1099,21,1
572,1076,35,1
881,1282,48,0
2,1109,14,0
897,1188,41,0
304,1199,33,1
254,1154,22,0
652,1040,42,0
453,1133,43,0
37,1132,10,0
160,1279,44,1
9,1084,16,0
233,1242,18,0
99,1116,48,0
659,1109,14,0
816,1221,24,0
208,1041,19,0
131,1147,35,1
404,1112,11,1
152,1103,45,1
54,1046,14,0
120,1271,14,0
673,1195,43,1
920,1280,32,0
628,1283,34,1
587,1040,41,0
625,1189,7,1
968,1164,47,0
420,1024,19,1
422,1024,25,0
104,1004,41,0
852,1290,16,0
254,1181,8,0
227,1248,13,0
112,1116,43,0
510,1279,46,0
473,1069,32,0
99,1254,27,1
153,1181,49,0
861,1169,44,0
914,1249,48,1
896,1188,26,0
878,1054,28,1
338,1138,30,1
706,1168,34,1
822,1103,37,0
163,1085,20,0
720,1212,26,0
957,1003,47,0
681,1179,22,1
996,1038,11,1
161,1239,30,1
580,1169,12,0
801,1030,10,0
398,1190,34,1
277,1025,43,0
816,1112,27,0
916,1206,36,1
504,1185,26,1
896,1047,46,0
392,1228,47,0
135,1039,49,0
195,1016,13,1
401,1022,35,1
640,1213,11,0
33,1149,13,0
688,1241,17,0
460,1272,7,0
955,1059,39,0
883,1287,37,0
470,1202,25,1
375,1032,35,0
22,1162,38,1
750,1255,36,1
670,1254,39,0
38,1009,19,0
230,1139,36,0
365,1010,10,0
563,1214,49,0
438,1273,25,0
776,1048,37,0
283,1111,36,0
27,1153,23,0
226,1123,37,0
277,1102,32,0
798,1241,35,0
609,1191,25,0
284,1217,38,0
879,1051,19,0
960,1292,18,0
481,1081,23,0
453,1088,47,1
829,1194,19,1
816,1104,10,0
659,1271,13,0
516,1096,41,0
547,1198,24,1
192,1001,38,1
49,1167,42,1
512,1126,30,0
17,1081,22,1
172,1251,32,0
220,1169,13,0
158,1073,36,0
477,1141,10,1
46,1070,18,1
373,1262,32,0
518,1245,28,1
99,1003,17,0
892,1063,47,1
745,1049,16,0
37,1076,23,0
280,1175,25,0
349,1109,31,1
497,1183,23,1
302,1192,28,0
181,1065,30,0
607,1271,49,1
99,1100,32,0
700,1032,50,1
993,1128,22,0
116,1043,48,1
191,1078,40,1
253,1289,46,1
981,1270,33,0
928,1162,21,0
983,1189,8,0
161,1247,48,1
256,1216,49,0
323,1168,33,0
128,1193,8,0
18,1283,14,1
793,1013,29,0
735,1240,35,0
566,1147,7,0
570,1204,6,0
323,1080,29,0
872,1043,10,1
686,1089,30,1
792,1148,12,0
626,1095,39,0
288,1151,31,0
943,1002,29,1
854,1022,22,0
663,1007,5,0
962,1206,43,1
639,1114,7,0
155,1272,8,1
490,1083,45,0
386,1179,41,1
986,1210,19,0
785,1124,12,0
104,1113,42,1
929,1012,23,0
393,1126,30,1
811,1053,43,1
246,1283,14,1
176,1140,42,0
39,1097,18,1
477,1005,45,0
682,1057,23,0
759,1069,34,1
538,1118,9,0
867,1059,35,0
818,1033,11,0
921,1050,23,0
408,1019,35,1
525,1214,43,1
828,1197,28,0
506,1047,38,0
903,1167,27,1
825,1289,49,0
36,1141,44,1
685,1084,10,1
20,1182,42,1
321,1079,45,1
776,1215,40,0
512,1014,31,0
400,1215,15,0
654,1128,9,0
972,1248,21,1
883,1029,11,0
471,1280,31,1
143,1202,19,1
92,1057,50,1
354,1218,17,0
834,1062,15,0
800,1157,49,1
727,1202,30,0
959,1017,26,0
854,1006,32,1
51,1058,28,0
665,1169,33,1
698,1082,13,1
575,1219,46,1
190,1177,8,0
125,1204,50,1
150,1071,22,1
314,1266,47,0
570,1098,20,1
342,1291,37,0
305,1208,33,1
692,1002,43,0
682,1124,14,0
838,1280,13,0
783,1074,35,0
54,1166,32,1
444,1022,7,0
613,1154,18,0
993,1295,29,0
264,1219,19,1
53,1157,6,1
572,1230,28,0
620,1020,18,1
5,1041,11,0
103,1148,40,0
196,1108,28,0
774,1084,31,0
877,1290,41,1
992,1134,42,1
884,1207,34,0
350,1283,31,0
47,1266,43,1
867,1073,19,0
823,1048,30,0
936,1233,5,0
820,1100,8,0
656,1059,33,0
269,1258,5,1
370,1065,47,0
636,1083,50,0
106,1154,26,1
670,1266,15,1
659,1079,14,0
657,1150,21,1
120,1048,40,0
831,1248,30,0
787,1278,25,0
604,1098,17,0
58,1025,13,0
951,1284,15,0
346,1068,15,0
741,1007,10,0
474,1137,5,0
117,1164,10,0
830,1083,17,0
791,1138,26,1
127,1073,35,0
393,1237,26,0
908,1046,41,0
641,1106,31,0
58,1288,18,1
634,1262,9,0
513,1176,40,0
751,1166,36,0
802,1145,38,0
96,1283,11,0
638,1054,46,0
118,1178,14,0
560,1244,21,1
601,1127,34,0
488,1271,25,0
237,1132,17,0
885,1093,5,1
897,1073,5,1
272,1248,37,0
189,1273,42,1
999,1043,29,0
704,1041,30,1
447,1170,17,0
581,1212,32,1
790,1168,37,1
861,1039,41,0
247,1245,45,1
963,1151,34,0
76,1111,12,0
154,1047,5,0
656,1063,16,0
435,1225,9,1
997,1069,28,0
86,1299,10,0
697,1290,29,0
285,1296,5,0
974,1203,29,0
220,1061,5,1
69,1161,36,0
47,1016,46,0
94,1094,46,1
750,1138,7,1
958,1038,23,0
453,1127,47,1
204,1275,33,1
912,1164,6,0
218,1077,13,0
474,1174,21,0
432,1091,50,0
341,1238,40,1
551,1264,21,0
612,1179,16,0
289,1209,24,0
254,1073,7,0
734,1107,47,0
357,1295,8,0
23,1284,21,1
762,1182,41,0
522,1037,50,1
758,1137,46,1
837,1056,19,0
100,1187,37,1
802,1258,20,1
180,1058,15,0
223,1123,24,0
906,1188,42,1
762,1230,28,0
659,1168,20,0
442,1114,34,1
608,1252,38,0
769,1107,5,0
325,1037,28,0
516,1092,28,0
16,1018,13,1
792,1063,26,0
336,1150,16,0
759,1139,21,0
258,1186,29,0
497,1185,32,1
988,1205,19,0
896,1260,34,0
160,1214,31,0
475,1256,26,0
852,1135,14,0
664,1061,35,0
908,1088,31,0
690,1207,16,0
675,1129,50,1
380,1003,35,1
545,1242,36,1
929,1121,36,0
957,1102,45,1
691,1038,49,1
427,1133,39,1
613,1202,50,0
268,1021,25,0
835,1242,14,0
577,1109,20,1
417,1084,11,0
168,1083,8,0
842,1291,31,0
43,1069,29,0
556,1129,35,0
285,1196,15,0
397,1140,24,1
12,1283,40,0
607,1234,21,0
302,1023,49,1
898,1153,15,0
253,1277,34,0
499,1061,39,0
754,1052,45,0
35,1153,42,0
727,1237,26,1
849,1032,47,0
90,1055,31,1
776,1036,41,0
605,1110,50,1
922,1177,39,1
970,1295,8,0
602,1097,20,1
418,1213,20,0
115,1137,25,0
617,1006,30,1
903,1109,40,0
196,1035,23,0
826,1039,21,0
501,1150,49,1
626,1118,30,0
493,1261,26,0
75,1087,32,1
413,1076,5,1
376,1214,48,1
420,1285,40,0
729,1239,47,1
277,1165,41,0
761,1087,6,1
676,1141,21,0
394,1160,44,0
869,1046,42,0
457,1112,25,0
920,1045,13,0
192,1247,17,0
739,1104,15,1
689,1085,20,1
99,1134,20,0
548,1108,6,0
978,1018,46,0
999,1094,48,0
96,1150,12,0
664,1246,47,0
663,1289,46,0
190,1209,17,0
736,1126,21,1
37,1235,43,0
780,1122,28,0
369,1138,7,0
695,1115,34,0
525,1162,17,1
279,1201,23,1
217,1234,11,1
867,1028,13,0
873,1011,23,0
798,1206,49,1
273,1167,44,0
881,1247,26,1
62,1047,22,0
596,1246,27,0
880,1127,6,0
729,1147,15,0
342,1118,35,1
397,1152,37,1
699,1072,18,0
19,1137,20,1
177,1175,15,0
612,1289,37,1
396,1019,11,0
445,1195,35,1
233,1175,50,1
915,1141,18,0
76,1246,32,0
265,1093,47,1
455,1239,20,0
796,1205,23,1
718,1048,21,0
735,1245,30,0
384,1295,10,0
564,1128,47,0
851,1282,13,0
506,1017,21,0
367,1071,35,1
144,1269,16,1
885,1282,27,1
69,1007,9,0
99,1103,47,1
396,1193,40,0
25,1241,40,1
948,1062,7,0
891,1017,28,1
469,1171,21,0
484,1025,43,0
565,1251,30,0
151,1253,8,0
144,1207,49,0
569,1029,16,0
39,1117,5,0
109,1282,25,0
693,1144,23,0
42,1025,25,0
186,1156,22,0
935,1073,47,0
398,1120,7,0
223,1093,48,1
634,1086,36,0
133,1118,14,1
163,1233,44,0
215,1199,19,0
733,1206,9,0
235,1147,8,0
843,1271,32,0
658,1139,8,1
751,1181,19,0
588,1030,21,0
9,1057,48,0
74,1232,7,0
954,1146,14,0
492,1048,46,0
913,1194,27,1
253,1224,22,0
230,1136,5,0
519,1022,39,1
174,1006,35,1
653,1204,48,1
168,1239,5,0
170,1185,7,0
393,1292,7,0
946,1220,41,0
795,1116,23,0
634,1049,33,0
194,1173,29,1
517,1082,37,0
29,1045,40,0
165,1020,33,1
422,1221,30,1
339,1123,8,0
648,1234,18,0
496,1221,31,0
365,1003,37,1
833,1182,26,0
342,1206,7,0
500,1040,27,0
657,1059,25,0
511,1062,45,0
327,1132,27,0
217,1060,8,0
301,1122,25,0
132,1107,41,1
804,1096,47,1
70,1235,35,0
252,1062,25,0
415,1256,30,0
787,1049,45,0
445,1159,39,0
876,1124,42,0
182,1207,28,1
167,1048,15,0
91,1136,45,0
714,1201,33,0
858,1250,7,0
531,1295,5,0
39,1209,23,1
126,1211,50,0
451,1192,26,1
173,1044,18,1
653,1029,18,0
754,1059,48,1
220,1071,20,0
638,1092,37,1
58,1265,17,0
660,1220,42,0
476,1215,16,0
456,1277,42,0
829,1064,43,1
895,1292,37,1
361,1245,37,1
935,1062,33,1
1,1170,9,0
387,1269,10,0
973,1267,35,1
348,1054,20,1
190,1016,35,0
505,1008,29,0
191,1104,50,1
508,1059,37,0
369,1040,17,0
409,1237,14,0
824,1094,28,0
929,1222,14,0
934,1204,45,1
117,1138,35,1
134,1300,17,0
58,1207,7,1
556,1081,38,0
685,1218,32,0
672,1002,23,1
173,1178,27,1
829,1279,49,0
815,1146,36,1
149,1224,17,0
80,1062,37,0
886,1294,38,0
213,1239,37,1
203,1195,9,1
764,1166,7,0
229,1222,11,0
676,1061,28,0
227,1129,26,0
659,1173,49,0
532,1156,27,0
441,1110,34,1
402,1269,22,1
47,1278,36,0
233,1074,11,0
305,1207,37,0
526,1279,9,0
143,1204,32,0
415,1161,12,1
513,1028,19,0
373,1257,8,0
566,1165,38,0
886,1063,9,1
259,1022,37,0
656,1070,9,0
471,1096,42,1
953,1163,38,0
971,1079,30,0
12,1005,5,0
330,1120,8,1
736,1178,43,1
784,1176,30,0
968,1217,37,1
358,1056,37,0
972,1187,12,1
408,1232,24,0
668,1255,20,0
373,1104,25,0
8,1077,49,0
122,1230,30,0
348,1258,27,0
676,1264,22,1
90,1182,35,0
648,1256,46,1
698,1038,16,0
316,1176,5,0
178,1027,46,1
540,1276,13,0
732,1140,7,0
869,1299,30,0
41,1287,13,0
740,1091,46,0
704,1061,20,1
923,1163,28,0
502,1143,18,1
959,1253,7,0
145,1269,38,0
201,1291,37,1
929,1187,28,0
724,1291,13,0
461,1086,17,0
732,1166,6,0
752,1114,11,0
925,1183,25,1
909,1207,23,0
558,1256,29,1
547,1235,26,0
253,1003,15,1
390,1208,37,0
594,1197,36,0
883,1125,25,0
256,1138,43,0
709,1025,24,0
815,1068,12,0
921,1061,46,1
450,1029,41,1
10,1019,13,1
824,1171,29,0
798,1074,29,1
242,1061,37,1
251,1153,6,0
877,1276,23,0
5,1048,50,0
119,1211,24,0
801,1139,46,1
374,1110,45,0
65,1183,46,0
146,1028,33,0
224,1197,10,0
239,1191,21,1
177,1051,29,0
779,1149,42,1
853,1268,8,1
282,1050,34,0
63,1246,24,1
217,1113,7,1
854,1170,27,1
827,1166,22,0
795,1014,30,0
689,1203,40,1
461,1288,12,0
929,1189,21,1
610,1155,35,0
105,1055,41,0
99,1182,49,1
511,1210,37,1
385,1075,31,0
405,1277,49,0
823,1133,8,0
518,1059,26,0
476,1182,30,0
977,1064,36,1
709,1260,28,1
863,1193,50,0
645,1143,39,1
870,1104,41,0
771,1214,36,1
437,1242,11,1
23,1209,37,1
997,1093,35,0
565,1142,16,0
677,1112,15,0
714,1059,28,0
458,1043,12,0
83,1207,36,0
145,1268,42,0
85,1296,26,1
78,1118,38,1
457,1020,23,0
878,1222,24,0
1,1166,18,1
51,1131,37,0
685,1156,14,0
717,1184,20,1
772,1090,8,0
446,1094,31,1
449,1013,32,0
881,1293,47,0
488,1230,20,0
800,1292,37,1
34,1026,23,1
348,1075,25,0
95,1299,26,1
72,1150,13,1
551,1148,13,0
154,1008,13,1
250,1029,31,0
674,1296,21,0
438,1209,48,1
118,1128,49,1
771,1116,12,0
891,1144,20,1
306,1235,22,0
268,1007,37,0
961,1045,5,0
54,1239,16,1
236,1155,10,0
389,1181,45,0
990,1215,9,0
734,1088,20,1
763,1256,22,0
825,1073,22,1
401,1179,5,0
624,1212,23,0
767,1293,12,1
303,1234,7,0
919,1239,29,1
207,1223,9,0
229,1119,44,0
853,1264,23,0
910,1207,22,0
578,1095,35,0
75,1222,37,1
435,1276,22,0
103,1231,43,1
422,1119,20,0
704,1268,20,0
764,1273,42,0
738,1064,45,0
806,1298,11,0
306,1011,18,0
98,1098,47,0
850,1071,29,1
798,1058,36,1
335,1290,42,0
859,1251,26,0
435,1276,20,0
447,1050,33,1
994,1216,20,1
308,1052,16,1
249,1271,21,0
166,1084,41,0
481,1293,31,0
984,1126,29,0
335,1296,17,0
542,1072,12,1
759,1296,9,1
106,1236,16,1
563,1056,45,0
81,1110,7,0
133,1192,39,1
797,1093,37,0
900,1056,26,1
138,1060,48,0
184,1138,13,0
401,1039,45,1
330,1028,22,1
785,1049,33,1
508,1125,43,1
852,1013,31,0
984,1036,40,0
69,1101,49,1
546,1282,21,0
774,1086,38,1
53,1004,50,1
450,1223,7,1
205,1166,9,0
126,1278,18,1
747,1130,7,0
43,1031,27,1
752,1011,43,0
971,1096,34,0
883,1190,49,1
111,1192,27,0
761,1266,31,0
663,1128,14,1
183,1238,29,1
848,1112,17,1
95,1145,20,0
971,1065,45,1
374,1247,38,1
912,1223,41,1
520,1106,26,0
900,1181,21,0
360,1184,27,0
900,1226,40,0
696,1265,13,0
281,1278,6,0
195,1089,36,0
864,1176,26,0
195,1018,47,0
667,1106,17,0
93,1271,12,0
672,1167,5,0
946,1013,21,1
61,1032,16,0
634,1040,8,0
51,1148,17,0
403,1218,35,0
789,1219,45,1
5,1082,11,0
466,1208,27,0
604,1201,28,0
682,1038,9,0
829,1211,9,0
534,1249,21,0
405,1227,34,1
838,1048,13,0
513,1018,10,0
645,1295,29,0
233,1196,23,0
524,1187,20,0
346,1224,25,1
46,1229,6,0
546,1077,14,0
945,1188,20,1
78,1270,41,0
730,1095,19,0
813,1132,17,0
923,1039,17,1
73,1072,36,0
794,1281,49,0
249,1160,50,1
47,1187,12,0
121,1191,47,0
214,1120,22,0
239,1220,40,0
56,1053,30,1
350,1222,14,0
107,1131,35,0
831,1237,37,1
48,1246,33,0
573,1226,9,0
337,1208,17,0
26,1096,5,0
804,1200,27,1
257,1247,44,0
8,1072,7,0
625,1185,7,0
867,1006,11,0
253,1206,40,0
692,1032,39,1
719,1099,19,1
303,1256,44,0
639,1187,7,0
56,1076,33,1
726,1177,34,0
526,1287,43,1
474,1255,22,0
28,1190,15,0
983,1127,47,1
78,1287,42,1
216,1254,44,1
386,1213,5,0
365,1250,33,1
666,1084,14,0
526,1013,32,0
699,1045,35,0
312,1127,23,0
883,1114,7,1
7,1276,40,1
3,1205,47,1
623,1273,19,0
919,1058,37,0
750,1219,45,0
363,1109,47,0
751,1279,49,1
508,1174,30,0
274,1264,20,0
506,1111,40,0
806,1187,37,0
739,1269,24,1
883,1229,17,0
15,1156,37,1
192,1189,9,0
985,1272,41,1
631,1002,18,0
485,1246,31,0
28,1210,27,0
714,1286,18,1
39,1013,44,1
953,1096,8,0
273,1221,43,0
231,1238,23,0
86,1094,8,0
474,1269,34,1
126,1171,23,0
812,1094,35,1
537,1149,35,0
145,1112,13,1
525,1055,17,0
212,1116,18,0
25,1143,50,0
580,1201,14,0
394,1180,35,0
67,1202,41,1
233,1053,27,0
109,1180,31,1
146,1137,10,0
111,1182,30,1
228,1001,6,0
111,1044,49,1
470,1227,17,0
34,1098,23,1
623,1208,5,0
776,1265,44,0
936,1288,36,0
369,1271,26,0
748,1140,33,1
595,1237,6,1
554,1072,44,1
425,1155,42,1
613,1190,15,0
518,1268,21,0
692,1107,47,1
282,1232,12,0
320,1042,26,0
738,1190,8,0
443,1139,15,0
952,1103,12,0
315,1171,13,0
877,1273,30,0
966,1221,6,0
741,1213,20,0
377,1056,35,0
289,1102,10,0
437,1192,25,1
662,1200,30,1
277,1233,23,0
710,1227,32,1
582,1139,12,1
503,1149,18,1
624,1115,28,0
516,1063,48,1
350,1104,41,0
843,1156,30,0
446,1273,35,0
830,1006,36,1
350,1147,45,0
607,1184,6,1
664,1028,29,1
823,1038,48,0
137,1119,6,0
759,1293,46,1
899,1244,5,1
243,1068,40,1
543,1214,16,0
40,1218,13,0
229,1177,40,0
548,1299,45,1
920,1164,32,0
223,1058,42,1
6,1269,37,0
322,1058,46,0
468,1288,50,0
732,1105,26,0
75,1228,29,1
4,1247,22,1
847,1188,10,1
646,1083,22,0
118,1186,20,0
881,1252,19,1
606,1238,12,0
504,1184,17,0
998,1284,47,0
947,1210,11,1
574,1296,21,0
441,1097,36,0
194,1208,26,0
847,1137,17,0
715,1184,27,1
392,1076,33,1
26,1287,26,0
435,1142,5,0
173,1237,33,0
300,1025,9,0
645,1290,39,1
326,1067,14,0
410,1250,23,1
118,1118,41,1
836,1073,11,0
787,1282,50,1
724,1010,39,1
225,1211,49,0
532,1152,17,0
113,1005,14,0
140,1195,6,0
559,1283,10,1
1,1113,12,0
90,1271,40,0
654,1163,29,0
320,1105,48,1
550,1181,44,1
805,1044,11,0
894,1282,50,0
139,1175,27,0
511,1162,23,1
868,1140,50,1
845,1132,26,1
259,1087,17,1
673,1176,25,0
902,1183,5,1
690,1129,23,1
10,1246,37,1
261,1089,8,0
919,1066,46,0
650,1158,7,0
172,1149,31,1
898,1116,45,1
13,1214,39,1
168,1294,32,0
642,1253,10,0
596,1143,10,0
321,1250,48,1
319,1025,27,0
613,1277,37,1
329,1070,20,0
785,1113,28,0
777,1112,9,0
971,1091,45,0
911,1018,46,1
920,1149,17,0
550,1227,16,1
419,1214,9,1
606,1151,41,0
95,1192,35,1
817,1040,32,0
581,1242,32,0
318,1138,34,1
956,1180,22,1
236,1200,48,1
946,1203,31,1
334,1061,39,0
885,1192,30,0
376,1005,43,1
459,1237,22,1
137,1181,37,1
930,1037,29,0
588,1056,35,1
995,1237,41,0
547,1197,6,0
513,1073,37,0
296,1059,43,1
320,1240,47,0
918,1002,47,0
572,1188,36,0
832,1030,22,1
349,1267,21,1
840,1108,38,0
779,1090,43,1
873,1205,11,0
229,1220,46,0
270,1094,39,0
828,1103,34,1
798,1223,16,0
291,1186,39,0
725,1184,15,0
165,1162,48,1
5,1247,8,0
851,1031,29,0
379,1052,36,0
78,1076,24,1
410,1278,35,0
574,1040,8,0
132,1101,42,0
601,1111,5,0
749,1249,7,0
42,1191,41,0
89,1182,26,0
402,1209,21,0
296,1022,18,0
840,1166,45,1
295,1099,39,0
616,1208,17,0
526,1008,39,0
800,1190,47,1
691,1175,6,0
637,1273,17,0
422,1017,20,0
865,1090,22,0
23,1141,11,0
575,1145,49,0
143,1166,40,1
993,1078,45,0
665,1262,34,0
145,1163,46,0
225,1014,45,0
503,1239,11,0
962,1072,19,0
974,1143,44,1
821,1283,23,0
616,1269,47,1
104,1241,41,0
947,1245,6,0
39,1163,46,0
947,1060,17,1
198,1006,44,0
646,1197,45,0
579,1058,47,1
391,1217,47,0
179,1026,35,1
968,1005,20,0
554,1020,46,0
448,1198,48,0
500,1059,10,0
15,1242,32,0
623,1146,36,1
669,1273,48,1
289,1249,14,1
478,1014,22,0
231,1013,8,0
923,1044,13,0
420,1019,11,0
157,1063,12,0
550,1239,47,1
441,1100,11,0
97,1163,45,0
997,1122,44,0
411,1044,7,0
951,1145,21,1
289,1050,6,1
254,1065,19,0
196,1288,50,0
598,1164,33,1
834,1141,26,0
522,1128,8,1
517,1239,10,1
635,1296,42,1
842,1187,30,1
865,1208,15,0
118,1220,30,0
806,1190,21,0
909,1284,28,0
159,1237,32,1
815,1194,39,1
228,1287,35,0
877,1259,17,1
216,1246,39,0
948,1136,20,0
696,1280,19,0
15,1271,47,1
157,1171,22,0
648,1159,41,1
261,1201,45,1
157,1045,31,1
47,1264,39,0
324,1071,49,0
844,1103,39,1
685,1125,32,0
130,1286,43,1
411,1230,42,0
95,1146,13,0
627,1197,16,1
755,1221,19,0
932,1060,25,1
292,1098,39,0
794,1171,46,0
811,1173,37,0
283,1151,23,1
69,1122,27,0
660,1108,17,0
11,1004,48,1
254,1093,5,1
842,1006,33,0
872,1288,28,1
550,1106,20,1
134,1146,29,1
712,1271,27,0
23,1096,32,0
815,1229,20,0
346,1202,47,0
302,1212,42,0
363,1006,15,0
396,1112,7,0
218,1106,19,1
141,1139,5,0
616,1299,11,0
958,1096,5,0
210,1297,36,0
985,1214,13,1
993,1291,33,0
623,1022,30,1
616,1193,27,1
828,1150,49,1
683,1247,47,1
460,1267,33,1
356,1251,42,0
324,1003,37,0
133,1076,11,0
888,1087,16,1
805,1270,35,1
840,1225,36,1
127,1018,24,0
106,1113,21,0
604,1251,40,0
799,1233,7,0
378,1279,5,0
905,1202,31,0
51,1083,44,1
29,1125,37,1
462,1175,24,0
296,1069,18,1
297,1047,40,0
726,1256,9,1
779,1215,27,1
407,1030,49,0
769,1281,19,0
814,1237,10,0
613,1248,37,0
405,1025,23,0
346,1074,17,0
622,1206,33,0
420,1094,10,0
182,1127,19,1
983,1025,20,1
825,1116,28,0
1,1048,27,0
831,1226,14,1
950,1266,45,0
567,1099,45,1
371,1011,21,0
936,1085,48,0
911,1214,49,0
661,1173,34,0
431,1209,48,1
969,1064,50,1
309,1258,14,0
137,1121,23,0
202,1298,33,0
436,1054,6,0
313,1272,40,1
117,1241,23,0
666,1243,11,0
937,1018,30,0
803,1187,19,1
575,1144,42,0
244,1262,7,0
537,1239,42,1
602,1298,20,0
75,1076,6,0
806,1188,35,1
386,1246,32,0
903,1130,11,0
210,1283,34,0
475,1079,47,0
418,1072,11,1
347,1263,40,0
529,1191,33,0
640,1063,28,1
939,1012,43,0
955,1141,8,0
876,1254,33,1
763,1043,48,1
179,1017,9,0
182,1063,33,1
664,1253,34,1
25,1292,33,1
967,1008,30,0
180,1090,23,0
710,1208,30,0
501,1292,41,0
856,1284,31,1
161,1118,34,1
177,1175,34,0
285,1076,7,0
63,1101,47,0
662,1151,11,1
666,1270,13,0
156,1071,45,0
882,1180,46,0
469,1124,17,0
49,1293,19,0
967,1285,9,1
849,1195,33,0
84,1228,39,1
361,1275,31,0
689,1106,31,0
148,1021,12,0
630,1064,36,0
342,1165,24,0
476,1027,14,0
63,1285,17,0
701,1148,33,1
360,1281,39,1
561,1164,12,0
327,1224,33,0
769,1272,35,1
736,1146,45,1
141,1030,34,1
990,1045,26,0
215,1275,25,1
435,1034,16,0
891,1141,15,0
952,1221,6,1
723,1022,45,0
318,1180,6,0
32,1231,38,0
670,1038,7,0
285,1070,20,0
305,1116,8,0
429,1239,27,1
477,1148,24,0
286,1009,29,1
144,1288,34,1
424,1050,22,1
19,1005,46,1
18,1126,15,0
769,1075,33,0
590,1165,21,0
371,1278,30,0
175,1300,27,0
194,1290,24,1
502,1077,49,0
988,1298,6,1
113,1137,28,1
114,1106,35,0
222,1095,31,1
678,1135,6,1
947,1068,18,0
831,1147,8,0
644,1159,17,1
897,1163,40,0
264,1189,39,1
925,1095,48,0
55,1181,12,1
871,1288,6,0
643,1187,10,1
800,1138,35,0
778,1130,14,1
458,1194,48,0
979,1273,25,0
878,1144,46,1
162,1016,14,0
380,1245,27,1
993,1107,7,0
87,1088,36,1
55,1129,24,0
476,1004,14,0
800,1095,33,0
178,1209,45,0
391,1225,50,1
349,1047,38,0
8,1181,41,1
833,1106,24,1
313,1199,12,0
759,1106,11,1
835,1280,10,0
984,1260,15,0
983,1108,48,0
443,1019,22,0
767,1296,46,1
328,1171,33,1
54,1195,29,0
761,1012,25,0
239,1195,50,1
229,1283,7,0
579,1182,22,0
51,1144,28,1
609,1182,42,0
604,1030,14,0
264,1084,31,1
418,1166,16,0
803,1284,11,1
96,1281,21,0
88,1096,5,1
78,1266,30,0
288,1298,19,0
120,1296,37,0
814,1225,41,0
491,1042,35,1
912,1246,39,1
452,1208,5,0
500,1237,12,0
165,1022,16,1
182,1185,23,1
469,1242,29,0
910,1283,36,0
735,1041,16,1
823,1162,17,0
944,1160,32,1
978,1089,5,1
7,1012,10,0
330,1073,12,1
775,1076,8,0
673,1201,9,0
151,1010,29,0
85,1226,26,0
147,1176,32,0
624,1276,43,0
381,1039,27,0
915,1060,8,0
548,1066,8,0
285,1124,25,0
700,1164,41,0
82,1159,45,1
514,1057,6,1
897,1078,11,0
815,1194,20,0
709,1285,21,0
916,1015,24,1
523,1012,27,0
746,1101,38,0
386,1156,15,0
707,1125,38,0
471,1280,37,0
119,1110,30,0
396,1146,6,1
532,1216,27,0
261,1162,45,0
805,1128,26,1
934,1150,38,0
256,1036,19,0
734,1173,14,0
905,1022,19,0
226,1206,46,1
53,1127,33,1
940,1217,27,0
867,1096,21,1
500,1164,13,1
506,1148,40,0
854,1018,13,0
364,1294,20,0
280,1195,40,0
593,1151,37,0
714,1123,35,0
158,1187,10,1
632,1149,14,0
59,1104,20,0
727,1243,8,0
128,1231,26,1
736,1206,17,0
721,1198,20,1
882,1087,33,0
115,1142,10,0
209,1199,30,0
526,1046,15,0
521,1288,28,0
552,1015,33,0
962,1044,7,1
237,1169,14,0
281,1044,5,0
359,1098,47,0
201,1261,30,1
758,1109,16,1
278,1283,18,0
235,1104,29,0
494,1256,12,0
4,1206,47,1
666,1043,8,0
442,1245,32,0
29,1287,11,1
109,1273,14,0
610,1083,40,0
727,1110,6,0
805,1190,30,0
75,1288,18,0
838,1251,20,0
146,1212,47,0
128,1291,46,1
853,1133,21,1
42,1201,50,0
356,1285,26,0
41,1095,8,0
934,1278,23,0
34,1219,6,1
17,1089,43,0
677,1072,13,1
153,1247,23,1
998,1129,20,0
378,1212,29,0
588,1096,22,1
599,1075,27,0
629,1054,25,0
874,1054,15,0
342,1218,43,0
981,1016,45,1
27,1099,8,1
825,1020,29,1
287,1046,36,0
646,1193,34,0
731,1058,49,1
168,1111,30,0
610,1129,40,1
268,1194,38,0
749,1008,13,0
821,1029,16,0
455,1112,6,0
906,1161,42,1
685,1131,9,0
401,1188,9,0
922,1163,26,0
981,1197,9,0
476,1204,8,0
702,1212,13,0
634,1109,33,1
558,1276,26,0
576,1073,31,0
130,1167,14,1
822,1260,20,1
363,1243,46,1
705,1275,46,1
819,1102,14,0
693,1173,10,1
292,1171,9,0
371,1141,10,0
794,1188,29,0
29,1086,8,1
149,1052,44,0
779,1111,36,1
296,1043,39,0
11,1211,14,0
512,1200,38,0
676,1298,40,1
113,1240,10,1
187,1115,47,1
807,1026,50,1
744,1299,20,0
227,1077,23,0
310,1137,38,0
98,1020,29,0
55,1211,35,0
623,1240,45,1
664,1039,21,0
758,1268,34,0
406,1207,43,1
69,1267,35,1
312,1154,23,0
289,1042,39,1
762,1011,33,1
548,1294,5,0
751,1098,8,0
148,1275,32,0
467,1230,22,1
739,1220,30,0
244,1065,44,0
491,1232,23,0
849,1052,10,1
958,1263,5,0
507,1267,12,1
365,1154,37,0
482,1140,47,1
201,1051,25,0
154,1117,28,0
450,1046,29,1
501,1088,47,0
73,1208,23,0
713,1269,33,0
296,1089,14,0
17,1118,16,0
641,1054,37,0
217,1116,11,1
61,1118,21,1
939,1260,14,1
616,1075,35,0
42,1007,10,1
25,1122,21,0
39,1011,41,1
803,1215,22,0
131,1279,30,1
498,1028,20,1
229,1235,12,0
108,1026,28,0
172,1054,17,0
435,1029,33,0
478,1164,36,0
102,1270,28,1
866,1035,20,1
524,1286,15,1
275,1273,36,0
613,1208,10,0
44,1238,39,1
955,1093,37,1
817,1173,22,0
957,1079,41,0
17,1110,17,0
330,1217,14,0
569,1106,41,1
823,1047,30,0
497,1181,50,1
815,1064,21,1
12,1246,5,1
318,1244,29,0
592,1087,38,0
216,1217,43,0
339,1007,14,1
776,1278,24,0
991,1210,11,1
661,1169,20,1
81,1138,41,1
727,1230,33,1
485,1161,16,0
374,1001,21,0
976,1236,24,1
710,1188,30,0
200,1004,23,1
537,1132,16,0
466,1218,25,0
89,1260,46,0
268,1001,38,1
655,1071,11,0
571,1178,49,0
922,1189,39,1
489,1291,19,1
877,1008,5,0
538,1253,30,0
47,1292,39,1
288,1244,29,0
778,1123,46,1
16,1299,19,0
711,1283,26,0
401,1032,10,0
919,1146,19,1
794,1156,28,0
981,1016,25,1
86,1047,11,1
250,1251,33,0
391,1187,36,0
782,1031,36,1
335,1260,9,0
629,1017,8,0
519,1039,26,0
137,1039,22,1
883,1132,39,0
688,1030,21,1
840,1158,28,0
498,1278,6,0
827,1203,17,1
727,1066,19,1
477,1108,9,0
594,1268,7,0
223,1222,41,1
990,1292,41,1
372,1018,41,1
935,1090,7,0
995,1181,39,1
402,1255,27,0
443,1253,32,1
490,1257,34,1
615,1087,22,1
273,1090,40,0
526,1237,37,1
159,1070,30,1
152,1044,44,1
995,1200,21,1
620,1152,44,0
188,1086,11,0
813,1019,12,0
98,1101,35,0
131,1095,16,0
805,1254,35,0
171,1030,48,0
936,1249,23,0
986,1033,14,0
183,1229,43,1
983,1012,16,0
364,1118,24,0
39,1155,41,0
527,1246,45,1
888,1247,11,0
497,1029,18,1
516,1161,15,0
349,1235,11,0
982,1190,33,1
921,1117,14,0
397,1271,33,0
722,1258,13,0
161,1180,40,0
16,1172,14,0
493,1274,23,1
426,1259,35,0
108,1135,21,1
894,1171,13,0
450,1210,49,0
311,1236,37,1
739,1186,38,0
170,1095,49,1
546,1011,28,0
414,1068,13,0
251,1210,11,1
759,1196,20,0
781,1098,23,0
141,1093,43,1
274,1022,10,0
416,1172,15,0
608,1134,16,0
739,1025,46,0
891,1185,17,1
39,1085,16,0
814,1055,25,0
29,1251,14,0
958,1144,24,0
477,1167,40,1
318,1224,32,0
245,1220,28,0
748,1179,9,0
697,1119,41,1
272,1265,16,0
440,1150,39,1
748,1215,44,1
239,1197,6,1
377,1042,45,0
266,1053,49,1
926,1251,43,0
921,1295,46,1
359,1271,13,1
340,1123,26,0
389,1266,9,0
577,1029,16,0
990,1035,5,1
689,1006,48,1
3,1111,26,0
429,1294,42,0
142,1077,23,0
376,1147,20,0
670,1067,35,0
324,1008,7,0
146,1122,27,0
958,1175,46,0
293,1179,22,0
665,1085,30,1
432,1045,17,0
705,1136,22,1
949,1016,7,1
975,1195,27,0
585,1009,7,0
399,1015,29,0
817,1102,31,0
889,1226,48,1
344,1278,31,0
964,1113,43,0
140,1001,29,0
187,1266,28,0
805,1208,12,0
61,1110,13,0
997,1200,50,1
939,1012,41,1
380,1188,34,0
710,1154,23,1
807,1279,20,0
440,1171,28,0
319,1134,48,0
302,1025,25,0
344,1018,40,0
11,1190,44,0
62,1141,43,1
845,1043,10,0
226,1284,9,0
153,1146,18,0
711,1092,49,1
564,1179,46,0
772,1056,8,0
571,1155,12,1
584,1160,28,0
660,1111,15,0
861,1137,21,0
575,1232,25,1
310,1220,30,0
885,1068,47,1
243,1249,48,0
493,1006,49,0
366,1280,31,0
330,1094,20,0
107,1269,30,1
226,1197,37,1
825,1025,35,1
218,1148,10,1
937,1118,48,1
753,1066,12,1
506,1175,11,0
259,1076,38,0
888,1114,48,0
774,1111,18,0
517,1249,20,0
773,1203,47,1
54,1147,13,0
47,1035,14,1
727,1026,21,0
689,1238,16,0
521,1014,10,0
99,1045,23,0
20,1216,47,1
890,1233,45,1
753,1193,33,0
573,1051,10,0
891,1214,29,1
490,1151,28,0
419,1275,29,1
690,1076,20,1
850,1220,20,0
62,1187,10,0
145,1289,41,0
216,1028,25,0
3,1180,8,1
160,1253,38,0
739,1126,32,0
998,1177,42,0
781,1037,45,1
120,1099,32,0
893,1098,21,1
89,1127,18,0
329,1168,11,1
580,1080,26,1
910,1294,5,1
357,1126,33,1
610,1150,35,0
267,1016,34,0
617,1028,19,0
952,1173,22,1
323,1046,39,1
635,1236,34,1
988,1214,38,1
541,1085,46,0
649,1282,15,0
195,1232,31,1
921,1085,28,1
738,1065,39,1
332,1134,43,1
170,1151,12,0
521,1115,22,0
463,1064,17,1
40,1158,49,1
537,1077,28,1
261,1146,27,1
395,1225,16,1
955,1103,34,0
226,1088,35,1
984,1168,32,0
124,1170,26,0
975,1135,48,0
38,1050,32,1
328,1134,17,0
251,1137,29,1
901,1245,48,0
176,1109,50,1
602,1287,11,0
914,1021,49,1
454,1090,10,0
37,1296,28,1
316,1112,23,0
688,1077,23,1
973,1177,40,0
796,1148,13,0
965,1101,40,1
973,1246,42,1
593,1117,44,1
114,1092,33,0
40,1028,28,0
301,1025,9,0
224,1058,46,0
318,1297,49,0
349,1134,30,0
115,1249,18,0
698,1038,43,0
323,1075,33,0
568,1142,10,0
40,1168,11,0
866,1259,41,1
40,1225,22,0
859,1152,27,0
973,1019,48,0
749,1146,42,0
289,1241,5,0
262,1237,8,0
216,1035,48,0
147,1190,39,1
336,1001,27,0
168,1153,31,1
92,1126,30,0
353,1226,12,0
571,1221,47,0
571,1211,20,1
816,1025,45,0
681,1016,7,0
781,1182,36,1
363,1129,9,0
557,1042,24,0
345,1236,18,0
693,1034,36,1
170,1045,30,0
356,1134,10,0
191,1021,40,1
667,1122,44,1
422,1070,9,0
700,1048,17,0
7,1039,36,1
133,1287,20,0
747,1010,5,0
557,1030,17,0
826,1244,15,0
761,1274,12,0
31,1088,29,1
535,1244,44,1
426,1015,36,1
394,1004,28,0
672,1191,32,0
363,1168,18,0
437,1009,49,0
670,1109,7,0
551,1137,40,1
927,1154,31,1
82,1209,24,0
356,1272,19,1
258,1143,31,1
718,1099,49,1
589,1069,45,0
989,1247,32,0
524,1261,29,1
295,1276,46,1
962,1079,48,1
224,1146,50,0
525,1111,37,0
46,1258,50,1
667,1093,18,0
113,1013,12,0
233,1260,18,1
17,1109,5,0
360,1189,20,0
223,1095,22,0
866,1105,11,1
700,1008,19,0
448,1067,28,1
856,1191,17,1
365,1256,13,0
675,1009,19,0
326,1117,39,1
467,1267,28,0
414,1099,37,1
455,1298,20,0
586,1164,12,0
233,1141,33,0
224,1268,27,0
994,1037,49,1
831,1074,35,0
412,1073,44,1
572,1199,18,1
335,1130,34,0
222,1246,43,0
37,1060,31,0
989,1279,20,0
278,1103,10,0
196,1296,37,1
916,1151,48,1
864,1157,22,1
484,1206,20,0
242,1179,16,1
324,1197,24,0
731,1223,49,0
192,1089,44,1
17,1287,33,1
524,1276,34,0
918,1236,30,0
401,1183,26,1
906,1209,37,0
886,1130,43,0
705,1153,33,0
22,1013,26,0
474,1122,49,0
120,1220,17,0
210,1106,13,0
306,1070,28,1
270,1195,19,1
704,1186,40,0
687,1099,17,0
285,1082,31,1
716,1075,48,0
676,1192,41,0
763,1214,11,1
227,1144,12,1
948,1216,41,0
381,1015,45,0
460,1217,18,0
7,1035,16,1
29,1183,40,1
907,1270,44,1
33,1100,21,0
646,1007,44,0
879,1030,33,0
79,1144,31,0
928,1111,5,0
947,1232,38,1
459,1179,8,0
570,1072,28,1
983,1210,25,0
538,1220,37,0
482,1080,11,1
430,1083,5,0
738,1042,45,0
285,1273,7,0
516,1191,48,1
977,1173,19,1
99,1007,35,0
397,1155,20,0
489,1010,14,0
39,1034,33,0
271,1036,10,0
887,1006,33,1
797,1215,21,1
157,1134,26,1
75,1285,28,0
884,1126,21,0
800,1174,25,0
130,1152,15,0
687,1026,11,1
974,1115,46,1
84,1284,43,0
22,1075,9,0
459,1166,48,1
539,1189,25,0
707,1078,22,0
849,1090,39,1
382,1176,24,1
748,1021,19,1
440,1054,9,0
604,1184,17,0
989,1222,16,0
21,1179,25,1
303,1276,41,0
976,1112,10,0
869,1224,11,0
955,1214,30,1
84,1059,46,0
774,1109,12,0
659,1157,13,0
953,1191,31,0
453,1200,8,0
387,1196,25,0
507,1035,35,0
257,1246,25,0
570,1237,44,0
892,1104,29,0
934,1007,43,1
527,1283,19,0
162,1001,39,0
957,1219,47,1
163,1230,45,0
832,1172,41,0
793,1087,46,1
792,1041,32,0
524,1123,18,1
786,1298,8,0
271,1178,24,0
492,1063,38,0
208,1165,16,0
539,1187,37,0
584,1209,28,0
60,1227,24,0
430,1048,9,0
985,1224,42,1
657,1003,34,1
605,1175,28,1
309,1099,47,1
520,1116,44,0
591,1270,11,0
27,1253,40,1
686,1095,42,0
562,1273,20,0
199,1024,19,1
387,1116,50,1
349,1151,27,0
960,1050,16,0
940,1206,33,0
693,1079,48,1
536,1070,19,1
828,1027,33,1
378,1271,49,0
899,1050,47,0
916,1292,25,0
558,1247,19,0
527,1264,18,0
153,1079,46,1
734,1190,48,0
206,1047,20,0
455,1189,19,0
273,1256,46,1
894,1222,8,1
236,1241,31,1
852,1269,27,0
740,1001,33,1
521,1034,45,1
678,1079,13,0
944,1236,47,0
956,1098,47,0
831,1082,11,0
726,1192,46,1
501,1253,8,0
117,1038,9,0
386,1014,9,0
344,1209,15,0
584,1089,45,1
395,1056,32,0
64,1094,20,1
717,1093,45,1
721,1085,34,0
72,1245,8,0
789,1022,6,0
274,1291,50,1
990,1272,7,0
320,1122,25,1
338,1128,10,0
366,1113,47,0
495,1273,22,0
607,1130,48,0
166,1132,9,0
544,1085,13,1
11,1081,24,1
301,1069,32,1
729,1148,30,1
801,1016,22,1
102,1105,23,0
425,1165,7,1
392,1201,13,0
779,1197,40,0
214,1185,35,1
691,1265,21,0
88,1100,27,1
553,1214,38,1
401,1278,45,1
588,1162,45,0
889,1157,9,1
46,1251,19,0
672,1097,7,0
463,1018,23,0
592,1097,32,0
310,1001,7,0
86,1216,42,1
92,1132,8,0
660,1260,28,0
673,1125,35,1
714,1082,49,0
936,1283,49,1
928,1171,15,1
242,1059,41,0
865,1032,5,0
2,1161,13,0
225,1284,21,1
801,1106,5,0
745,1105,7,1
973,1228,30,0
926,1188,35,0
929,1070,30,1
589,1290,27,0
116,1087,34,0
666,1056,14,1
918,1113,12,0
103,1013,48,1
194,1018,29,0
166,1182,26,1
871,1113,19,0
90,1229,45,0
686,1171,14,0
122,1295,24,1
143,1189,45,0
994,1079,27,0
106,1146,5,0
887,1182,6,0
428,1286,23,0
305,1250,18,1
872,1196,12,0
971,1071,42,0
317,1248,16,0
963,1146,30,0
635,1106,31,0
902,1263,33,1
9,1296,19,0
774,1070,50,1
73,1193,5,0
359,1068,47,1
223,1052,32,0
416,1285,7,1
553,1009,22,1
370,1251,38,1
716,1298,36,1
264,1184,33,1
840,1179,29,1
690,1198,30,0
860,1128,43,1
318,1020,12,0
84,1065,23,1
318,1182,46,1
111,1241,26,0
251,1024,33,1
383,1083,37,0
7,1185,42,1
459,1099,49,1
84,1062,50,0
208,1286,39,0
900,1022,47,0
390,1212,7,0
314,1126,23,1
22,1042,14,1
410,1098,31,0
895,1031,19,0
515,1158,15,1
127,1112,30,1
809,1247,28,1
700,1122,17,0
874,1273,36,1
14,1294,41,1
971,1207,8,1
978,1110,17,1
12,1278,13,1
87,1056,38,1
524,1057,41,0
909,1291,11,1
537,1114,5,0
301,1198,16,1
243,1179,25,0
122,1219,15,1
147,1277,48,0
567,1016,48,0
750,1061,48,1
356,1054,18,0
685,1168,38,0
904,1026,38,0
733,1065,29,0
631,1100,8,1
309,1074,30,0
695,1192,20,1
288,1171,14,0
307,1273,49,0
812,1187,6,0
594,1023,39,1
966,1181,23,0
914,1108,10,0
723,1162,23,0
662,1206,12,0
549,1078,18,1
352,1016,14,0
312,1096,7,1
873,1147,42,0
59,1002,33,1
643,1010,19,0
924,1125,27,0
714,1081,27,0
755,1140,22,0
35,1150,50,1
445,1288,23,1
93,1129,32,1
950,1239,30,1
959,1058,14,0
207,1198,8,0
353,1211,6,0
903,1045,7,1
332,1097,11,0
817,1279,20,1
862,1023,35,1
725,1044,14,1
159,1027,23,1
954,1282,32,1
957,1097,21,0
24,1036,32,0
404,1109,23,0
805,1055,41,0
516,1192,27,0
732,1219,24,0
364,1185,17,0
382,1069,17,0
532,1130,47,1
956,1055,15,0
152,1097,19,1
562,1087,21,0
689,1294,32,1
947,1119,23,1
608,1208,8,0
617,1154,26,0
420,1035,26,0
250,1079,41,0
117,1067,43,0
866,1034,38,1
512,1097,37,0
740,1169,48,1
578,1169,46,0
335,1151,44,0
418,1071,37,0
932,1003,16,1
774,1032,6,0
295,1287,32,1
938,1082,14,0
755,1043,26,1
371,1105,21,1
186,1001,30,0
246,1061,7,0
637,1270,11,1
268,1180,48,0
643,1224,12,0
237,1006,24,0
530,1103,16,0
552,1010,39,1
21,1071,21,1
911,1090,32,0
737,1226,45,0
867,1158,14,1
794,1228,26,1
520,1126,42,0
100,1209,37,1
752,1097,26,1
478,1074,48,0
599,1115,41,0
298,1191,17,0
940,1170,31,0
526,1204,19,1
334,1056,26,0
2,1208,34,0
375,1041,47,1
293,1032,44,1
837,1015,41,1
934,1062,38,1
553,1155,48,0
318,1284,38,0
502,1209,39,0
828,1187,46,0
381,1130,23,0
623,1127,12,1
14,1292,43,0
504,1114,37,1
231,1199,48,1
985,1013,32,0
84,1271,41,0
130,1089,29,1
743,1215,40,1
838,1278,21,0
145,1203,28,1
891,1074,25,1
857,1025,6,0
28,1101,35,0
66,1176,48,0
163,1117,37,1
229,1166,34,0
261,1041,16,1
449,1120,48,0
424,1097,16,0
460,1145,28,0
952,1216,28,0
676,1229,15,0
301,1130,17,1
919,1137,31,0
303,1273,12,0
287,1117,14,0
395,1094,12,0
10,1168,24,0
707,1203,12,0
630,1149,13,0
270,1183,11,0
592,1152,18,1
970,1074,32,0
605,1274,6,0
778,1042,47,1
844,1212,12,0
862,1101,17,0
361,1045,25,0
257,1082,32,0
133,1017,39,0
276,1073,27,1
776,1014,50,0
683,1157,19,0
972,1223,6,1
513,1132,16,0
313,1047,40,0
576,1107,7,0
886,1108,9,0
980,1265,7,0
284,1205,23,0
121,1079,6,0
107,1155,48,0
933,1271,41,1
687,1247,21,0
997,1019,18,0
204,1026,32,1
165,1217,31,1
305,1154,14,0
497,1154,7,0
632,1174,40,0
556,1092,42,1
824,1181,29,0
156,1131,26,0
367,1298,43,0
719,1275,34,0
902,1273,25,0
620,1076,34,1
251,1177,32,0
957,1184,35,1
916,1131,30,1
882,1049,47,0
334,1055,26,0
642,1154,25,0
969,1200,5,0
511,1118,41,0
293,1263,17,0
20,1046,25,0
282,1189,50,1
797,1129,13,0
1,1049,21,0
119,1025,25,0
35,1266,35,0
198,1118,43,1
485,1144,26,0
757,1200,16,0
59,1157,10,1
837,1134,20,0
161,1148,30,0
691,1071,9,0
206,1233,13,1
12,1299,50,1
490,1154,44,0
276,1090,18,1
693,1199,48,0
242,1161,46,1
216,1026,34,1
251,1121,30,1
811,1212,49,0
126,1063,33,0
994,1068,23,0
217,1253,12,0
306,1002,27,1
797,1108,46,0
185,1286,39,1
39,1049,35,0
223,1140,39,0
184,1218,36,0
495,1044,9,0
427,1269,20,0
178,1078,21,1
919,1216,36,0
428,1098,42,0
294,1236,36,1
852,1282,24,0
151,1149,6,0
384,1066,24,0
638,1234,22,0
813,1087,5,0
308,1079,33,0
336,1205,33,0
946,1279,23,1
746,1254,48,1
892,1130,44,0
375,1084,10,0
8,1276,48,0
341,1187,43,0
129,1046,50,0
776,1183,12,0
669,1268,28,0
352,1296,24,0
358,1100,18,0
517,1078,9,0
495,1272,45,0
86,1162,44,0
175,1044,38,1
802,1238,20,1
193,1134,49,0
311,1192,11,0
119,1278,20,1
218,1018,11,0
427,1012,31,0
970,1180,18,0
414,1123,18,0
114,1246,48,1
978,1222,37,0
145,1051,37,1
538,1071,48,1
648,1048,24,0
303,1019,40,1
744,1262,11,1
881,1084,36,0
588,1155,7,1
987,1053,43,0
840,1107,33,0
345,1135,28,0
814,1069,26,0
964,1011,10,0
801,1143,28,1
1,1192,44,0
147,1069,27,1
287,1023,42,1
976,1181,14,1
654,1293,20,1
53,1009,15,0
304,1271,36,0
69,1093,49,1
361,1017,10,1
602,1154,28,1
958,1149,37,1
220,1267,16,0
962,1106,31,1
704,1035,42,1
966,1119,22,0
575,1014,49,0
585,1014,43,0
161,1266,17,0
681,1140,44,0
89,1294,34,1
688,1119,45,0
781,1238,17,0
585,1034,38,0
757,1169,40,0
589,1010,34,0
159,1122,29,0
489,1145,6,0
971,1223,40,1
324,1257,22,0
610,1268,9,0
381,1004,23,0
102,1106,46,1
494,1085,22,1
644,1214,36,0
614,1121,25,0
19,1132,14,0
454,1197,41,0
482,1019,26,0
594,1130,17,1
397,1012,21,0
279,1081,13,0
851,1262,28,0
365,1125,48,0
331,1267,18,1
641,1140,50,0
344,1002,12,0
822,1008,41,1
455,1250,23,1
601,1139,32,0
725,1124,50,0
655,1228,45,0
65,1010,34,1
76,1212,11,1
711,1112,30,0
143,1008,44,0
917,1292,50,0
915,1253,50,0
828,1014,15,0
605,1240,18,0
473,1242,25,0
417,1149,12,1
305,1236,7,0
736,1167,32,1
497,1020,33,1
291,1216,27,1
940,1135,22,0
102,1129,39,0
986,1294,17,0
267,1246,16,1
867,1189,9,0
968,1044,43,1
622,1086,15,0
974,1044,15,0
842,1145,46,1
962,1051,35,0
942,1242,35,0
777,1294,17,0
3,1051,18,0
85,1266,49,0
794,1120,46,0
328,1200,29,0
816,1248,37,1
450,1070,37,0
454,1057,19,1
924,1039,20,0
629,1289,48,1
221,1018,42,1
154,1220,10,0
665,1244,48,1
12,1298,29,0
133,1283,19,0
994,1074,8,0
304,1110,8,0
293,1180,34,1
975,1032,38,1
300,1234,31,0
740,1282,35,0
783,1025,36,0
43,1279,48,1
944,1226,43,0
343,1057,13,0
326,1180,45,0
814,1232,12,0
498,1287,18,1
364,1064,37,0
891,1232,27,0
427,1289,25,0
21,1213,16,1
407,1258,6,1
619,1018,17,0
336,1175,8,0
815,1229,24,0
117,1226,18,1
124,1084,34,0
399,1291,33,0
793,1246,12,1
804,1110,16,0
715,1254,45,0
51,1088,42,1
783,1072,30,1
324,1030,6,1
789,1172,44,0
141,1177,18,1
470,1139,10,0
787,1194,46,0
802,1186,44,0
334,1218,35,0
893,1164,21,0
964,1161,29,0
373,1013,36,0
564,1296,16,0
494,1089,17,1
539,1042,23,1
669,1210,48,1
751,1229,29,0
156,1275,35,1
291,1279,41,1
648,1251,29,1
144,1208,20,0
106,1140,42,1
420,1280,47,0
670,1034,27,0
658,1018,18,0
2,1057,10,0
945,1112,29,0
589,1005,27,0
644,1182,47,0
90,1013,16,0
345,1285,17,0
350,1259,40,1
459,1090,43,1
263,1104,38,1
351,1186,10,0
108,1250,42,1
586,1255,44,0
39,1076,12,0
909,1108,12,0
159,1156,44,1
583,1082,37,0
959,1077,38,0
312,1258,48,1
241,1127,19,0
938,1282,40,1
445,1088,39,0
298,1204,50,1
952,1016,26,0
36,1151,27,0
84,1254,44,0
452,1188,49,1
886,1032,26,0
775,1271,9,0
822,1005,35,0
385,1169,17,1
172,1181,32,1
376,1178,24,1
685,1143,37,1
362,1248,20,1
559,1127,33,0
891,1263,27,1
141,1040,28,0
887,1255,38,0
918,1143,11,0
118,1240,42,0
277,1228,41,0
726,1198,8,0
220,1065,38,0
905,1011,46,1
26,1108,26,1
521,1026,9,0
783,1151,46,0
10,1221,27,1
984,1237,19,0
378,1237,35,0
633,1219,13,0
637,1151,47,0
682,1123,29,0
584,1144,29,0
152,1189,25,0
720,1255,13,0
49,1068,42,1
154,1104,26,0
859,1159,47,1
293,1300,27,1
580,1090,8,0
50,1256,33,0
664,1220,19,0
531,1009,5,0
612,1012,34,0
60,1244,33,1
167,1182,24,1
202,1284,37,1
857,1099,45,1
146,1197,48,1
915,1226,40,1
676,1103,26,1
970,1106,17,0
993,1058,11,0
439,1078,12,0
242,1075,32,0
581,1042,49,1
687,1181,47,0
561,1033,13,0
483,1071,29,0
108,1056,20,0
226,1105,14,0
673,1200,15,0
631,1101,35,1
661,1256,16,0
977,1074,35,1
662,1171,18,0
432,1143,48,1
805,1166,36,0
655,1261,21,0
419,1221,39,0
988,1083,5,0
455,1182,33,0
160,1010,8,0
523,1004,27,0
650,1292,32,0
969,1281,20,0
590,1215,16,0
77,1098,25,0
509,1101,49,0
441,1009,21,1
254,1061,44,1
921,1146,17,1
770,1063,36,0
320,1121,41,1
803,1226,19,1
263,1105,16,0
597,1260,19,0
658,1255,38,1
835,1207,10,1
554,1028,21,0
374,1170,24,0
637,1076,13,0
167,1116,9,0
937,1069,27,1
753,1234,37,1
459,1001,42,0
999,1167,18,1
280,1218,21,1
700,1273,23,0
302,1251,37,1
531,1174,5,0
580,1170,17,1
218,1246,50,1
102,1090,31,1
554,1049,10,1
288,1294,10,1
167,1150,37,0
621,1132,34,0
36,1059,50,0
744,1199,39,1
741,1215,27,0
353,1049,14,0
676,1232,23,0
899,1247,32,1
73,1239,27,1
648,1168,8,0
353,1048,24,0
891,1051,23,1
70,1299,46,0
425,1098,31,0
999,1216,38,0
708,1177,8,0
781,1080,42,1
561,1185,11,0
828,1027,11,1
642,1195,30,0
956,1214,30,1
517,1114,23,0
428,1242,13,0
539,1124,24,1
160,1076,46,1
149,1196,49,1
776,1044,20,1
230,1186,21,0
712,1246,26,0
562,1084,17,0
67,1207,16,1
812,1151,14,1
381,1156,5,0
58,1016,36,0
259,1165,34,1
342,1145,12,0
838,1037,25,0
130,1045,26,1
727,1206,22,0
172,1062,6,1
770,1019,48,0
614,1300,13,0
209,1007,7,0
803,1249,30,0
354,1117,25,0
471,1068,34,0
798,1034,32,1
116,1194,40,1
264,1055,30,0
662,1266,38,1
812,1042,12,0
442,1297,14,0
548,1231,47,1
453,1010,18,0
845,1128,44,0
477,1179,19,0
287,1193,21,0
303,1092,22,1
311,1231,36,1
208,1078,42,1
618,1085,27,1
446,1030,50,0
670,1213,27,0
633,1049,39,0
55,1265,43,1
912,1145,19,1
12,1069,28,0
657,1058,32,0
400,1185,20,0
908,1062,20,1
648,1296,44,1
980,1166,43,0
515,1171,10,0
656,1063,6,0
542,1147,17,0
237,1161,48,1
279,1141,13,0
348,1097,38,1
627,1221,21,0
104,1043,31,0
630,1292,33,1
517,1108,41,1
980,1266,47,0
872,1095,26,0
248,1262,28,0
364,1071,11,0
321,1219,38,0
633,1021,16,0
286,1092,27,0
149,1127,19,0
84,1080,37,1
966,1238,17,1
406,1182,27,0
978,1025,42,0
456,1156,36,0
743,1005,49,0
800,1120,39,0
161,1277,5,0
784,1018,49,0
460,1198,9,0
550,1057,17,1
500,1093,9,0
738,1019,36,0
509,1193,25,0
654,1237,28,0
804,1277,22,0
481,1227,25,1
663,1233,14,0
114,1040,28,1
749,1153,44,1
578,1127,25,1
361,1237,29,0
341,1055,27,1
770,1172,26,1
987,1109,8,1
761,1184,38,1
969,1198,10,1
449,1087,32,1
843,1201,35,0
835,1275,39,0
180,1211,43,0
702,1118,46,0
407,1191,27,0
666,1042,10,0
196,1042,20,0
466,1276,6,0
311,1017,28,0
262,1283,21,1
419,1258,49,0
406,1063,5,0
939,1062,10,1
143,1100,9,1
342,1019,49,0
316,1017,33,0
101,1246,16,1
244,1251,43,1
490,1081,7,1
12,1039,5,0
239,1036,31,1
561,1197,28,1
42,1158,48,0
678,1204,23,0
594,1196,12,0
429,1216,48,1
803,1285,6,0
158,1196,34,0
216,1152,34,0
670,1014,43,1
462,1146,49,1
134,1057,36,1
67,1211,5,0
848,1268,42,0
7,1210,17,1
948,1017,15,0
526,1286,14,1
73,1203,30,0
399,1099,24,1
405,1279,21,0
675,1209,21,0
578,1129,8,0
859,1288,9,0
130,1252,27,1
931,1265,50,1
466,1271,14,0
206,1188,50,0
788,1214,32,0
978,1283,37,0
768,1211,47,0
266,1076,30,0
537,1148,33,0
962,1213,31,0
793,1109,22,0
253,1129,44,0
822,1010,14,0
289,1047,46,0
164,1096,9,0
95,1103,14,0
782,1146,25,0
833,1027,28,0
110,1220,42,1
336,1018,7,1
822,1167,44,1
238,1082,35,0
381,1072,45,0
436,1254,41,0
899,1162,6,1
483,1038,6,1
937,1201,43,0
902,1200,46,1
25,1255,48,1
653,1179,38,0
117,1035,46,1
482,1082,24,1
392,1220,37,0
917,1158,8,0
994,1004,49,1
964,1167,48,0
537,1204,15,0
79,1194,46,1
580,1235,9,0
173,1206,29,1
956,1150,41,0
12,1159,38,0
800,1279,13,0
128,1166,10,0
608,1068,22,1
92,1088,18,0
653,1217,23,0
543,1001,18,1
846,1135,44,1
532,1185,21,1
658,1140,39,0
989,1106,33,1
828,1133,46,1
447,1108,21,0
390,1178,47,0
672,1298,12,0
861,1146,5,0
43,1074,49,0
254,1108,40,0
130,1122,11,1
60,1017,50,0
663,1196,9,0
467,1297,28,0
287,1252,32,0
517,1119,47,0
467,1162,21,0
930,1198,41,0
778,1045,24,0
345,1179,7,0
642,1044,41,1
382,1271,30,1
779,1078,19,0
690,1178,12,1
253,1003,17,0
927,1214,7,0
56,1074,5,0
463,1051,13,0
457,1067,35,1
983,1093,45,0
83,1176,30,1
905,1145,21,0
99,1007,38,0
149,1269,13,0
329,1004,17,0
156,1138,9,1
190,1231,45,1
494,1088,17,0
883,1017,5,0
263,1052,29,0
80,1134,8,0
400,1211,40,0
764,1219,14,1
609,1205,32,0
260,1211,10,0
772,1277,31,0
615,1024,16,0
552,1004,7,0
785,1152,50,0
101,1259,37,0
359,1168,14,0
380,1176,35,1
820,1291,19,1
221,1056,11,1
820,1108,40,0
420,1296,18,1
124,1141,18,1
422,1155,7,0
231,1262,50,1
690,1273,7,0
63,1232,26,0
485,1241,23,1
628,1258,39,0
703,1249,16,1
574,1077,9,0
768,1180,14,1
483,1066,45,0
519,1171,37,0
155,1022,17,0
92,1107,39,0
982,1227,36,0
526,1216,15,0
455,1069,42,1
741,1084,28,0
598,1103,39,0
645,1039,23,0
510,1013,10,0
183,1297,44,1
386,1181,49,0
574,1268,48,0
731,1013,46,0
405,1120,39,0
246,1057,8,0
742,1040,37,0
591,1128,17,0
661,1173,40,0
650,1035,47,1
471,1259,23,1
826,1005,47,1
888,1218,16,0
423,1011,15,0
901,1117,10,1
65,1184,16,0
13,1116,31,0
213,1162,45,1
986,1067,29,0
242,1200,46,1
493,1031,7,0
213,1075,7,0
693,1237,24,0
338,1066,32,0
997,1070,27,1
173,1297,7,0
672,1020,46,0
164,1226,28,1
465,1199,47,1
995,1039,44,0
497,1145,10,0
700,1045,24,0
395,1091,15,0
703,1238,36,0
917,1070,31,1
308,1166,25,1
768,1130,48,1
183,1214,17,1
629,1089,26,1
794,1252,39,1
510,1072,26,0
708,1165,32,1
546,1049,25,1
564,1052,50,0
624,1289,22,0
764,1278,35,0
594,1114,50,0
744,1239,41,1
227,1133,25,1
745,1274,18,1
733,1166,29,0
436,1293,31,0
925,1243,44,0
422,1138,27,0
554,1079,35,1
21,1170,33,1
554,1123,34,1
397,1176,30,1
625,1300,24,0
105,1082,42,0
192,1087,23,1
17,1225,31,0
120,1016,29,0
393,1163,44,1
425,1098,42,1
129,1156,27,1
130,1002,33,0
572,1169,19,0
560,1092,7,0
29,1181,14,0
97,1231,19,1
10,1148,20,0
242,1280,21,1
826,1189,23,0
956,1128,15,1
232,1007,9,0
789,1047,9,0
284,1053,18,0
715,1187,30,0
759,1038,12,0
802,1226,9,0
776,1053,11,0
955,1224,20,0
726,1154,18,0
200,1048,41,0
945,1147,45,1
79,1064,8,0
913,1182,40,0
956,1125,21,0
855,1179,40,0
856,1039,10,0
173,1260,20,0
467,1003,33,1
581,1064,40,1
416,1029,42,0
940,1011,41,0
449,1097,14,0
87,1203,45,1
101,1021,40,1
8,1039,33,0
845,1223,18,1
200,1102,8,0
505,1046,48,0
87,1066,46,1
43,1091,40,0
385,1164,49,1
621,1111,17,0
435,1123,50,0
408,1193,22,0
483,1099,37,1
664,1291,25,1
17,1159,20,1
645,1103,19,1
148,1281,9,1
277,1043,10,0
232,1084,42,0
826,1191,7,0
927,1051,16,0
366,1210,40,1
228,1126,37,0
651,1069,40,1
436,1265,37,1
399,1258,35,1
211,1188,25,1
391,1230,31,1
499,1189,31,0
540,1010,12,0
563,1114,41,0
491,1076,36,0
442,1164,30,0
261,1085,6,0
773,1049,16,0
350,1177,26,0
352,1218,21,0
520,1189,11,0
320,1230,47,1
138,1255,8,0
550,1236,41,0
623,1026,42,1
992,1072,36,0
368,1261,15,1
220,1254,5,1
337,1271,29,1
223,1123,46,1
648,1144,28,1
768,1257,47,1
360,1144,21,1
921,1259,12,0
329,1047,49,0
962,1013,31,1
463,1208,22,1
946,1235,31,0
963,1149,26,0
561,1155,20,0
804,1166,6,0
382,1090,9,0
836,1186,22,0
590,1174,7,0
617,1217,31,0
169,1264,21,0
217,1097,20,0
378,1117,10,1
119,1199,11,0
190,1021,18,1
767,1200,42,1
370,1248,44,1
778,1276,19,0
149,1264,37,0
676,1058,47,0
652,1031,31,1
859,1249,33,0
488,1093,41,1
770,1265,9,0
374,1271,33,0
781,1094,36,0
693,1154,10,1
160,1285,6,0
351,1080,10,0
912,1292,50,1
288,1084,47,0
288,1037,8,0
892,1232,33,0
226,1093,29,1
523,1102,13,0
522,1166,7,0
783,1159,30,1
273,1014,47,0
936,1225,31,0
402,1073,40,1
183,1249,36,0
969,1091,5,0
665,1216,20,0
488,1090,15,0
827,1029,30,1
846,1220,44,1
124,1215,5,0
985,1221,30,1
626,1042,32,1
790,1135,13,1
414,1042,48,1
980,1164,26,0
725,1283,12,1
172,1058,46,1
288,1025,31,0
435,1073,43,0
686,1129,23,0
113,1087,29,1
888,1153,42,1
917,1182,25,1
995,1125,28,1
122,1067,28,0
544,1006,23,0
222,1125,6,0
631,1053,18,0
39,1066,36,1
497,1082,46,0
780,1087,36,0
233,1002,32,0
943,1204,43,1
530,1150,44,1
149,1293,46,0
397,1103,44,0
661,1024,17,0
638,1212,16,0
904,1065,12,0
302,1209,19,1
360,1251,30,0
238,1117,16,1
647,1116,47,1
663,1237,50,0
236,1105,31,0
736,1259,22,0
203,1046,49,1
256,1216,40,0
598,1024,31,1
662,1035,13,1
235,1024,43,1
345,1028,5,0
534,1016,11,0
860,1059,30,0
797,1243,11,0
781,1207,11,0
466,1271,12,1
770,1249,20,1
541,1267,7,0
213,1193,49,1
463,1218,14,0
436,1115,11,1
283,1068,25,0
562,1299,41,1
607,1075,35,1
463,1103,27,1
407,1297,31,0
88,1178,26,0
44,1215,43,1
461,1039,31,0
278,1259,8,0
683,1204,28,0
421,1007,27,0
701,1049,23,0
353,1026,46,1
696,1161,7,0
515,1176,31,0
703,1079,7,0
630,1002,32,0
19,1132,21,1
23,1276,35,0
413,1117,14,1
30,1164,26,0
807,1288,34,1
108,1028,25,0
367,1001,40,1
281,1188,27,0
128,1056,42,1
229,1035,16,0
111,1112,29,0
136,1286,24,0
362,1036,46,0
186,1217,11,0
656,1080,33,1
584,1083,33,0
129,1065,17,0
876,1128,7,1
261,1022,6,0
515,1216,20,1
449,1107,34,0
900,1109,42,0
104,1181,10,1
483,1164,49,0
224,1068,11,1
832,1292,9,0
874,1180,11,0
866,1181,38,0
491,1169,36,1
473,1022,17,0
10,1066,34,0
405,1021,29,1
896,1100,25,1
302,1300,25,1
231,1103,32,1
731,1047,24,0
923,1039,38,0
66,1285,9,1
937,1090,22,0
112,1085,43,0
13,1273,47,1
393,1188,15,0
500,1159,21,1
932,1243,49,0
598,1073,26,1
234,1049,41,0
602,1101,24,0
314,1002,50,1
566,1244,10,0
12,1176,38,1
209,1238,18,0
974,1059,27,0
14,1099,24,0
633,1002,17,1
418,1243,48,1
437,1297,45,0
377,1211,36,0
20,1123,30,1
587,1229,18,0
912,1082,40,0
755,1144,12,0
735,1140,44,1
70,1029,26,0
824,1270,26,1
211,1247,20,0
101,1012,31,0
698,1106,14,0
132,1032,29,0
623,1074,35,0
381,1171,25,0
132,1069,31,1
20,1137,21,0
906,1100,37,0
536,1146,35,1
227,1009,46,0
154,1062,30,1
805,1185,25,1
742,1029,40,0
469,1114,5,0
822,1143,8,0
1000,1120,8,0
871,1170,30,0
405,1157,8,1
202,1260,13,0
38,1082,34,1
942,1242,49,0
772,1172,8,1
188,1231,9,0
57,1208,49,0
941,1075,27,0
20,1270,20,0
273,1114,26,0
119,1062,41,0
583,1102,12,1
516,1210,37,1
221,1255,42,1
526,1020,47,1
515,1058,20,0
728,1112,9,0
741,1196,20,0
336,1092,11,0
698,1052,5,1
55,1293,13,0
500,1008,22,0
900,1300,49,0
888,1098,7,0
766,1236,28,0
536,1069,32,1
162,1045,14,0
670,1137,13,0
594,1234,17,0
915,1032,39,0
159,1289,27,0
188,1126,21,1
60,1067,50,0
915,1030,11,0
817,1114,20,1
319,1204,44,1
878,1029,40,0
211,1131,24,0
406,1185,28,0
664,1253,9,0
109,1286,49,0
76,1062,10,0
542,1003,32,1
314,1068,9,0
998,1025,43,0
117,1179,42,1
927,1141,6,0
868,1231,47,1
704,1300,43,1
19,1163,25,1
432,1130,44,1
685,1246,41,1
740,1297,22,0
350,1172,50,1
183,1064,16,1
113,1031,21,0
183,1047,41,0
481,1130,50,1
146,1110,42,0
831,1069,19,0
628,1058,11,1
113,1106,18,1
763,1300,5,0
476,1256,42,1
763,1171,7,1
303,1162,41,0
971,1286,48,1
825,1071,35,1
118,1255,47,1
813,1055,17,0
161,1003,22,0
401,1026,21,1
198,1126,21,1
260,1053,15,0
660,1198,24,0
752,1299,14,0
47,1188,33,1
987,1186,38,0
399,1298,21,0
710,1204,46,1
559,1011,17,1
78,1146,48,0
124,1085,43,1
75,1100,31,0
871,1104,30,1
137,1046,32,0
602,1044,17,0
400,1278,16,0
837,1181,48,1
505,1187,32,0
500,1114,6,1
573,1255,41,1
138,1030,38,0
50,1264,27,0
771,1098,49,0
973,1115,33,1
619,1276,39,1
625,1281,15,1
862,1275,37,0
254,1261,15,0
630,1207,13,0
710,1211,18,0
849,1215,13,0
877,1040,43,1
563,1026,7,1
757,1027,33,0
915,1190,23,0
426,1083,40,0
547,1170,36,0
302,1167,11,1
922,1188,32,0
581,1169,48,1
349,1289,22,0
832,1229,9,1
933,1097,27,1
980,1016,26,0
49,1279,30,1
917,1135,46,0
74,1026,16,1
704,1012,44,0
261,1072,23,0
356,1133,5,1
582,1106,7,0
602,1220,31,1
260,1177,22,0
638,1282,34,0
743,1133,6,1
295,1022,9,1
931,1269,33,1
641,1161,37,0
792,1107,46,0
313,1279,24,1
612,1235,34,0
838,1018,46,1
809,1242,9,0
182,1117,25,1
686,1286,19,0
828,1282,24,0
364,1144,12,0
188,1205,35,1
569,1039,16,0
543,1154,25,0
596,1176,34,1
664,1241,31,1
985,1134,48,0
548,1046,30,1
725,1050,37,1
926,1166,30,0
408,1106,30,0
876,1216,40,1
618,1146,44,1
414,1072,5,0
342,1273,19,0
220,1247,5,1
903,1186,15,0
163,1070,6,0
951,1150,5,0
220,1246,35,1
270,1262,48,1
632,1026,20,1
906,1140,26,0
848,1099,46,0
400,1278,22,1
182,1051,21,0
991,1151,34,0
618,1104,14,0
729,1089,39,0
205,1141,25,0
582,1213,20,0
556,1233,10,0
841,1183,7,1
813,1251,45,0
228,1009,47,1
696,1079,25,1
619,1052,17,0
596,1269,22,0
850,1226,28,1
250,1051,31,0
875,1186,8,0
441,1034,26,0
533,1291,28,0
196,1230,44,1
690,1131,49,1
929,1120,14,1
987,1247,6,0
519,1192,44,0
70,1210,10,1
639,1103,22,0
399,1133,21,1
978,1139,42,1
672,1121,49,0
760,1094,27,0
203,1129,50,0
148,1091,34,0
472,1092,25,0
655,1063,14,0
944,1029,47,1
199,1210,17,0
917,1012,16,0
426,1297,13,1
666,1130,8,0
492,1293,43,0
888,1173,28,1
896,1208,38,0
142,1024,43,0
313,1099,45,1
165,1139,9,0
314,1174,19,0
21,1029,8,0
82,1143,43,0
581,1042,12,0
131,1299,49,1
599,1208,28,0
730,1192,32,0
933,1160,47,0
984,1064,31,0
305,1243,5,0
915,1258,38,1
371,1152,21,0
857,1215,41,1
853,1166,42,1
384,1031,30,0
908,1232,28,0
445,1282,43,1
425,1029,25,0
161,1195,34,1
178,1256,17,1
629,1281,41,0
708,1294,7,0
895,1087,36,0
490,1149,39,0
327,1249,23,0
598,1283,18,0
289,1198,26,0
593,1044,21,1
664,1028,8,0
573,1017,49,0
573,1127,44,1
354,1168,23,1
28,1244,41,1
954,1076,6,0
43,1231,19,1
681,1204,6,0
423,1248,15,0
598,1214,49,0
177,1215,27,0
529,1158,14,0
610,1069,7,1
966,1085,9,0
494,1267,7,0
198,1069,42,0
610,1099,17,0
577,1216,46,1
842,1161,23,0
853,1094,44,1
517,1174,39,1
514,1165,28,1
22,1115,28,0
112,1220,21,0
57,1031,44,1
66,1011,14,0
842,1130,6,0
98,1105,48,0
144,1027,27,0
880,1227,10,0
435,1002,6,0
637,1101,25,0
679,1021,39,0
86,1058,33,0
588,1180,11,1
344,1020,33,0
936,1255,41,0
294,1038,27,1
956,1148,37,0
571,1025,12,0
650,1121,16,0
611,1026,50,0
704,1169,14,1
243,1225,19,1
831,1001,28,0
561,1261,30,0
960,1013,46,0
32,1048,43,0
391,1291,7,0
277,1094,6,0
532,1261,10,1
154,1278,25,0
383,1205,13,1
68,1185,14,0
878,1175,40,0
884,1069,7,0
214,1104,45,1
655,1246,28,0
376,1161,26,0
744,1200,18,0
213,1216,46,1
79,1212,49,1
726,1016,48,1
628,1205,31,1
604,1039,37,0
782,1089,26,0
923,1256,33,1
381,1254,23,0
680,1216,23,1
58,1172,10,0
796,1137,49,0
26,1178,23,0
881,1077,17,0
447,1188,30,1
66,1015,26,1
921,1292,25,1
760,1214,40,1
254,1208,6,0
899,1169,48,1
968,1280,34,0
44,1146,31,0
97,1263,11,0
554,1004,24,0
227,1090,35,1
774,1060,27,0
679,1016,17,0
436,1227,21,0
791,1029,8,0
601,1151,18,1
379,1245,24,0
178,1270,17,1
427,1079,7,0
915,1289,30,0
709,1153,30,1
307,1277,22,0
779,1279,36,0
504,1057,18,0
268,1186,7,1
586,1093,5,1
8,1276,30,1
920,1158,28,0
508,1275,39,1
476,1181,18,0
297,1077,7,0
164,1151,17,0
485,1238,18,1
597,1289,25,0
72,1231,30,1
567,1018,7,0
905,1073,44,0
559,1189,8,0
911,1017,40,1
944,1019,47,0
238,1219,5,0
104,1120,44,0
210,1101,37,0
554,1034,11,0
828,1084,15,0
468,1196,31,1
454,1202,18,1
268,1011,26,0
386,1218,20,1
775,1253,50,0
848,1222,16,0
387,1080,50,0
877,1007,14,0
259,1272,28,0
283,1227,50,1
626,1016,22,0
875,1012,26,1
40,1291,13,0
486,1241,21,0
929,1021,42,0
220,1178,44,0
129,1228,17,0
520,1273,41,1
613,1288,10,0
928,1297,25,0
892,1134,40,0
688,1283,11,1
619,1153,40,1
613,1066,29,0
260,1137,15,0
990,1092,48,1
966,1259,18,0
366,1103,49,1
758,1055,33,1
787,1257,14,1
544,1101,9,0
649,1198,12,0
524,1226,50,1
907,1237,9,0
814,1026,28,0
887,1121,44,0
16,1182,30,1
129,1199,10,0
575,1255,20,0
109,1122,40,0
887,1031,16,0
533,1285,15,0
670,1106,7,0
269,1224,48,0
162,1273,41,1
260,1232,10,0
924,1256,23,1
102,1024,22,0
506,1109,20,0
735,1191,27,1
571,1025,47,1
247,1187,41,0
640,1288,13,0
795,1116,7,0
837,1037,12,0
537,1282,42,1
131,1137,8,0
353,1227,16,0
196,1182,48,0
793,1086,35,1
916,1053,29,1
930,1235,20,0
666,1267,46,1
382,1287,18,0
645,1100,17,0
227,1087,45,0
701,1015,11,0
476,1101,16,0
477,1165,41,0
265,1029,8,0
372,1114,6,1
486,1107,39,1
434,1130,48,1
646,1084,7,0
211,1271,8,0
572,1244,42,1
940,1214,16,1
377,1166,23,1
395,1279,14,0
450,1059,5,0
943,1090,21,0
364,1194,20,0
876,1123,13,1
457,1136,13,1
725,1139,13,0
728,1229,16,1
226,1274,45,0
982,1050,19,0
131,1118,6,0
588,1202,15,0
476,1191,15,0
798,1181,12,0
986,1078,36,0
277,1075,10,0
156,1295,24,0
760,1281,43,0
218,1021,39,1
190,1171,12,0
417,1015,47,0
981,1211,38,1
675,1048,23,0
692,1086,11,1
546,1149,35,0
41,1188,22,1
307,1151,44,0
943,1141,18,0
338,1069,43,0
314,1260,40,1
75,1009,21,0
953,1121,41,1
279,1101,48,1
176,1149,13,0
896,1146,24,0
662,1243,49,0
273,1241,32,0
837,1043,24,0
620,1095,45,0
651,1226,40,0
862,1006,31,0
783,1214,12,0
859,1206,36,1
931,1067,5,1
289,1100,21,0
724,1012,13,0
893,1237,24,1
272,1258,49,1
930,1135,36,0
66,1222,6,1
483,1156,36,1
936,1142,49,1
248,1158,13,0
156,1262,34,0
47,1283,24,0
935,1229,42,1
454,1280,5,1
201,1290,9,0
660,1168,39,0
124,1047,40,1
1,1203,5,0
968,1214,18,0
759,1246,13,0
855,1024,34,0
640,1274,28,1
191,1044,8,0
579,1156,18,0
516,1199,29,0
442,1162,8,0
921,1234,29,1
815,1163,14,0
806,1116,39,0
143,1093,11,0
191,1042,46,0
533,1284,17,1
227,1210,8,0
313,1206,47,0
629,1220,40,0
949,1280,18,1
302,1136,22,0
654,1106,12,1
996,1118,36,0
460,1237,31,0
401,1100,46,1
551,1261,41,0
393,1286,27,1
867,1103,11,0
764,1063,16,0
845,1175,29,1
207,1282,7,1
210,1293,30,1
115,1226,8,0
737,1007,46,1
646,1127,40,1
251,1092,19,1
219,1190,36,1
407,1053,33,0
443,1242,14,0
603,1132,25,1
354,1112,20,0
888,1007,23,1
558,1230,33,1
550,1156,22,0
142,1197,48,1
612,1223,20,1
501,1250,5,1
840,1083,6,0
702,1240,19,0
547,1263,43,1
659,1189,32,1
542,1290,5,0
846,1058,9,0
507,1009,46,1
596,1115,26,1
881,1210,40,1
281,1041,50,1
424,1173,17,0
856,1234,5,0
270,1281,20,0
154,1078,45,0
614,1108,26,0
727,1281,36,1
662,1039,20,0
944,1119,19,0
83,1027,50,0
622,1104,46,0
947,1074,16,0
899,1191,5,0
426,1147,21,0
275,1255,45,1
713,1284,32,0
284,1213,11,0
980,1123,13,0
173,1206,26,0
327,1240,30,0
718,1286,16,0
63,1022,11,0
73,1259,50,1
763,1105,19,1
636,1258,42,0
375,1204,25,0
633,1262,18,0
508,1107,6,0
787,1251,12,0
943,1221,49,0
398,1222,10,0
120,1258,41,0
934,1201,41,0
437,1258,37,1
829,1225,45,0
676,1202,10,1
936,1226,30,1
465,1236,43,1
286,1183,45,0
265,1200,41,0
320,1246,18,1
673,1111,41,1
376,1006,12,0
820,1236,43,0
89,1127,17,0
654,1104,17,0
203,1237,44,0
821,1155,47,0
739,1257,32,1
955,1235,22,0
334,1289,23,0
222,1040,42,0
41,1288,36,0
708,1197,26,1
68,1273,6,0
988,1264,17,0
776,1057,27,0
514,1298,29,0
873,1098,32,1
637,1137,15,0
622,1087,37,0
598,1242,28,1
937,1199,6,0
632,1084,34,1
127,1242,21,0
255,1281,44,0
695,1252,38,1
16,1190,42,0
477,1152,26,0
62,1278,9,0
881,1139,44,0
432,1176,20,1
670,1008,17,0
268,1295,30,1
35,1235,35,1
779,1163,43,0
576,1049,27,0
494,1038,16,1
562,1136,18,0
469,1219,22,0
767,1296,31,1
661,1034,32,0
325,1079,22,0
304,1236,20,0
276,1273,20,0
869,1161,17,1
963,1175,33,1
684,1221,13,1
929,1009,30,0
201,1289,32,1
445,1113,45,0
905,1205,17,1
324,1186,40,0
35,1197,13,1
977,1266,18,0
482,1262,16,0
728,1248,36,1
480,1115,42,0
65,1121,7,0
8,1141,20,0
301,1065,24,0
343,1276,36,1
431,1239,27,1
424,1010,21,0
332,1233,20,0
438,1195,42,1
588,1012,12,0
174,1177,23,0
559,1177,34,0
527,1217,38,1
873,1011,18,0
659,1118,26,0
26,1164,48,1
820,1039,21,0
605,1053,19,0
406,1218,36,1
232,1206,17,0
533,1056,25,1
819,1118,44,1
550,1253,37,1
788,1286,31,1
505,1268,39,0
669,1291,20,0
179,1180,32,0
132,1235,38,1
823,1196,5,0
455,1080,45,0
348,1135,35,0
540,1022,40,1
772,1225,48,0
406,1058,37,0
76,1093,37,1
941,1192,43,1
579,1103,22,1
854,1007,27,0
492,1128,27,0
194,1055,19,0
984,1231,30,0
162,1062,34,1
347,1240,29,0
951,1090,49,1
361,1232,20,0
769,1233,43,0
584,1292,49,0
87,1152,18,0
934,1145,21,1
262,1130,16,0
214,1141,33,0
665,1093,36,1
722,1114,28,1
913,1284,17,1
573,1143,24,0
780,1223,19,0
262,1232,8,0
730,1033,38,1
283,1276,32,0
648,1170,6,0
467,1140,34,0
380,1201,30,1
362,1023,30,0
449,1224,24,0
441,1270,46,0
93,1153,32,1
621,1085,24,0
753,1109,15,0
867,1031,14,1
424,1229,27,0
142,1240,41,0
291,1141,45,0
432,1156,23,0
749,1299,49,1
852,1099,22,1
824,1047,31,0
689,1067,10,1
653,1062,14,0
701,1109,6,0
998,1167,28,0
49,1037,42,1
302,1119,32,0
881,1086,32,0
190,1052,49,1
136,1091,43,1
555,1289,6,0
404,1298,50,0
892,1204,9,0
865,1238,15,0
602,1155,14,0
807,1240,47,0
341,1136,6,0
757,1064,19,0
945,1123,43,0
704,1254,45,1
318,1114,41,1
618,1020,11,0
363,1016,24,0
822,1145,38,0
382,1208,39,0
233,1019,38,1
777,1166,26,0
344,1038,35,1
549,1181,27,1
817,1105,23,0
553,1100,8,0
529,1090,28,0
856,1300,24,1
789,1079,43,1
819,1073,32,0
571,1176,43,0
935,1096,21,1
183,1103,23,1
41,1224,39,1
551,1006,36,0
397,1122,50,1
704,1236,50,1
779,1116,43,1
494,1163,39,0
659,1226,34,1
907,1230,21,0
333,1182,46,0
127,1249,33,1
558,1210,10,0
557,1144,21,0
1,1096,21,0
168,1244,18,0
620,1086,28,1
19,1184,41,1
332,1121,44,1
584,1092,43,0
456,1070,36,1
957,1133,40,0
109,1279,41,0
268,1137,18,0
445,1187,31,1
240,1221,23,0
929,1046,35,0
301,1278,50,1
602,1192,13,0
103,1008,42,1
988,1276,21,0
250,1179,23,0
453,1039,48,1
520,1293,8,1
153,1178,15,0
859,1162,26,1
174,1104,8,0
343,1161,21,0
670,1287,12,0
431,1123,50,1
727,1054,38,0
689,1034,15,0
687,1242,35,1
852,1113,15,0
850,1023,42,1
658,1046,25,0
962,1135,50,1
324,1118,34,0
990,1189,14,0
673,1131,30,0
639,1212,31,1
420,1113,12,0
594,1044,43,0
485,1128,12,0
659,1158,12,0
751,1273,38,0
412,1045,20,0
936,1108,45,1
84,1219,17,1
113,1177,27,1
737,1228,16,0
332,1191,31,0
378,1160,26,0
755,1267,36,0
655,1190,31,0
41,1175,6,0
935,1290,49,1
770,1145,37,1
959,1232,30,0
797,1204,32,1
105,1213,23,0
202,1040,47,0
450,1275,9,0
819,1082,37,1
843,1181,24,1
973,1083,34,1
266,1262,49,0
910,1272,12,1
210,1200,42,1
563,1240,21,1
118,1180,48,1
713,1171,5,1
377,1295,7,0
551,1177,50,0
540,1237,30,0
771,1138,35,0
84,1129,12,0
454,1049,47,0
667,1164,50,1
629,1277,12,0
514,1293,39,1
605,1116,43,0
678,1024,32,0
387,1025,8,0
912,1127,20,0
350,1234,17,0
296,1209,24,0
258,1093,9,1
81,1094,41,0
937,1225,24,0
268,1280,28,0
419,1011,40,0
235,1012,38,1
833,1035,49,1
311,1228,38,0
813,1220,23,0
975,1141,21,1
986,1023,9,1
357,1083,29,1
213,1229,22,0
574,1080,12,0
49,1290,31,1
127,1159,19,1
223,1128,49,0
921,1190,17,1
279,1031,20,0
408,1015,26,0
505,1075,24,0
294,1034,17,0
796,1196,24,1
277,1029,6,0
438,1194,39,1
107,1016,23,0
658,1077,49,1
420,1293,41,0
611,1081,10,0
429,1124,18,0
375,1019,8,1
73,1102,26,1
949,1077,43,0
998,1229,40,1
634,1297,38,0
30,1203,31,0
188,1061,11,1
364,1026,7,0
866,1071,37,0
800,1103,6,0
451,1157,46,1
195,1194,20,0
156,1275,29,0
172,1186,19,0
847,1113,28,0
41,1165,19,0
63,1061,35,0
23,1092,18,0
360,1286,18,0
75,1153,10,0
560,1225,18,0
672,1127,21,0
825,1193,22,1
118,1115,24,0
612,1262,21,0
380,1018,20,0
929,1010,44,0
920,1092,43,0
679,1139,36,0
290,1052,48,0
440,1195,13,0
668,1206,31,0
933,1287,50,0
7,1093,37,1
196,1145,14,0
421,1086,21,0
568,1153,40,1
833,1002,21,0
193,1260,22,0
559,1164,27,0
148,1006,38,1
787,1149,12,1
669,1205,17,0
202,1118,27,1
444,1089,24,0
914,1154,26,0
988,1167,27,0
419,1161,45,1
427,1270,39,1
479,1056,7,0
475,1228,38,0
126,1149,37,1
395,1046,50,1
817,1144,21,0
881,1238,49,1
806,1272,23,0
576,1120,34,1
325,1220,27,0
392,1008,19,0
930,1275,18,0
688,1066,6,0
628,1079,43,0
440,1086,22,0
204,1124,10,1
486,1202,36,1
833,1150,25,0
31,1046,44,1
388,1113,32,1
625,1091,31,0
877,1141,6,0
434,1289,37,0
837,1218,20,0
926,1077,43,0
376,1152,26,1
344,1239,47,1
443,1115,17,0
579,1094,6,1
75,1048,18,1
557,1191,42,0
772,1012,45,0
666,1156,32,0
155,1172,11,1
430,1296,22,0
363,1177,45,1
448,1057,40,1
987,1203,45,1
234,1185,40,1
563,1121,48,0
818,1226,8,0
262,1202,34,1
827,1216,28,0
125,1043,24,0
911,1023,50,1
245,1155,35,0
542,1186,28,0
938,1249,11,1
485,1237,30,0
122,1293,17,0
125,1134,12,0
549,1022,9,0
170,1088,48,0
124,1153,17,0
869,1125,33,0
35,1079,24,0
87,1051,18,1
646,1216,36,0
708,1176,31,0
786,1253,29,0
201,1246,8,0
369,1227,25,1
797,1106,22,1
77,1193,43,1
59,1036,19,0
431,1204,42,0
638,1267,28,0
500,1268,12,0
913,1170,32,0
109,1039,25,1
736,1139,20,1
278,1292,20,0
68,1052,39,0
69,1287,21,0
165,1289,13,1
489,1141,39,0
305,1146,33,1
909,1184,43,1
674,1152,22,1
365,1201,16,0
854,1128,23,0
821,1287,26,1
379,1253,19,0
343,1266,5,0
947,1188,6,0
899,1230,12,1
554,1271,26,0
354,1259,29,0
416,1299,6,0
109,1198,13,0
563,1056,13,0
762,1203,17,1
497,1271,10,0
341,1109,34,0
942,1116,19,0
383,1092,19,0
533,1138,11,0
300,1057,15,0
139,1050,44,1
359,1071,42,1
836,1082,44,1
499,1105,6,0
385,1088,43,1
604,1002,14,0
959,1084,48,0
280,1043,21,0
637,1154,11,1
483,1094,44,0
909,1298,43,0
111,1133,8,0
866,1065,39,1
139,1290,40,0
996,1257,35,0
435,1213,29,0
509,1148,45,1
273,1061,17,1
99,1149,22,0
764,1088,25,1
850,1278,5,0
104,1082,40,1
214,1129,12,0
761,1286,25,1
664,1280,47,0
762,1270,25,0
787,1292,31,1
165,1203,23,0
999,1024,27,0
853,1208,47,1
520,1280,39,0
284,1205,44,0
517,1152,46,1
657,1026,9,0
613,1194,45,0
164,1238,12,0
886,1075,15,0
659,1163,20,1
64,1299,43,0
91,1029,28,1
117,1165,25,0
866,1186,27,0
267,1054,42,1
822,1295,12,0
685,1042,11,0
559,1285,6,0
140,1138,34,1
246,1187,17,0
661,1204,27,0
758,1042,33,0
395,1288,42,1
487,1026,41,0
476,1056,24,0
517,1253,37,1
977,1122,33,1
184,1106,19,0
20,1130,27,0
937,1158,46,0
558,1231,7,1
524,1091,41,1
582,1022,33,0
529,1290,49,1
883,1110,12,1
147,1049,26,0
666,1129,33,0
304,1073,6,0
620,1053,45,1
748,1168,49,0
820,1045,5,0
864,1105,48,0
582,1150,24,0
695,1146,25,0
762,1204,41,1
228,1299,12,0
102,1167,31,0
587,1201,39,1
417,1134,10,0
958,1211,49,0
216,1048,48,0
407,1126,23,0
399,1239,22,0
923,1007,5,0
715,1272,29,0
704,1037,31,0
761,1211,11,0
499,1165,48,1
754,1125,46,0
465,1192,33,0
691,1218,35,0
949,1214,48,1
974,1062,47,1
731,1161,40,1
82,1066,23,0
604,1286,10,1
947,1239,29,1
687,1020,35,0
751,1188,13,1
772,1082,24,0
903,1202,14,0
365,1132,41,0
163,1037,31,0
48,1132,17,0
511,1077,45,1
329,1089,6,0
840,1253,25,1
116,1194,37,0
941,1176,28,0
849,1033,48,1
337,1058,46,1
881,1201,38,0
737,1028,13,1
864,1035,6,0
840,1125,34,1
147,1042,26,0
575,1085,50,0
806,1188,15,0
323,1111,47,1
443,1271,21,0
837,1105,40,0
13,1041,17,0
943,1215,11,0
494,1071,20,0
701,1056,37,1
287,1236,49,1
720,1281,5,0
114,1105,15,0
480,1162,10,1
22,1191,24,0
349,1009,39,1
726,1060,48,1
683,1225,41,1
835,1188,45,1
566,1070,30,0
906,1293,16,0
810,1287,34,0
320,1169,32,0
126,1062,31,1
277,1014,46,0
976,1164,23,0
204,1245,9,1
194,1008,9,0
681,1154,45,0
664,1036,31,0
547,1048,32,1
696,1085,30,1
286,1028,31,0
57,1196,46,1
734,1208,25,1
303,1204,5,0
163,1104,32,1
19,1230,19,0
370,1101,21,1
264,1029,30,0
794,1127,24,1
113,1010,29,1
488,1106,17,0
327,1167,37,0
542,1257,29,0
647,1295,12,0
579,1277,9,0
65,1065,10,0
292,1271,27,1
25,1188,34,1
549,1138,18,1
1,1105,27,0
911,1034,15,1
549,1110,35,1
141,1033,10,0
744,1231,15,0
648,1266,17,0
901,1182,16,1
188,1065,6,0
128,1001,39,0
201,1133,40,0
127,1080,21,1
257,1271,32,0
676,1241,32,0
547,1028,26,0
194,1223,42,0
703,1023,11,0
104,1109,19,1
535,1107,36,0
265,1145,15,0
802,1139,28,1
942,1284,7,0
974,1298,34,1
384,1099,10,0
260,1123,6,1
414,1287,18,1
991,1081,45,0
358,1010,22,0
75,1008,48,0
355,1205,35,0
584,1197,17,0
771,1198,30,0
910,1030,48,0
188,1020,16,0
973,1048,22,1
685,1130,13,1
992,1293,25,0
290,1132,44,0
45,1054,47,1
573,1281,28,1
83,1265,38,0
123,1215,12,1
358,1290,48,0
528,1043,37,0
66,1074,27,0
936,1278,17,0
657,1242,18,0
375,1130,18,1
162,1194,20,0
746,1032,42,0
380,1106,43,0
656,1204,30,0
358,1001,30,0
188,1245,5,0
322,1072,36,0
450,1015,19,1
474,1053,25,1
13,1008,22,0
184,1046,34,0
111,1114,17,0
927,1147,28,1
508,1166,34,1
290,1139,6,0
295,1117,23,1
451,1299,48,0
904,1276,29,0
215,1277,18,0
